datetime,ppm,temp,rh,class
2021-08-11 08:00:18,293.96,27.18,69.5,3
2021-08-11 08:00:41,414.38,27.17,69.63,3
2021-08-11 08:01:03,414.38,27.14,70.56,3
2021-08-11 08:01:26,334.15,27.14,70.22,3
2021-08-11 08:01:49,428.68,27.12,70.14,3
2021-08-11 08:02:11,356.68,27.12,70.44,3
2021-08-11 08:02:34,421.46,27.12,70.07,3
2021-08-11 08:02:56,414.38,27.09,70.0,3
2021-08-11 08:03:19,421.46,27.09,69.98,3
2021-08-11 08:03:42,421.46,27.09,70.01,3
2021-08-11 08:04:04,356.68,27.1,70.48,3
2021-08-11 08:04:27,421.46,27.09,70.18,3
2021-08-11 08:04:50,443.58,27.09,70.38,3
2021-08-11 08:05:12,362.6,27.1,70.41,3
2021-08-11 08:05:35,356.68,27.1,70.41,3
2021-08-11 08:05:57,436.05,27.1,70.32,3
2021-08-11 08:06:20,443.58,27.12,70.45,3
2021-08-11 08:06:43,362.6,27.11,70.41,3
2021-08-11 08:07:05,436.05,27.11,70.26,3
2021-08-11 08:07:28,436.05,27.1,70.42,3
2021-08-11 08:07:51,428.68,27.1,70.63,3
2021-08-11 08:08:13,421.46,27.1,70.46,3
2021-08-11 08:08:36,459.1,27.09,70.56,3
2021-08-11 08:08:58,362.6,27.09,70.81,3
2021-08-11 08:09:21,443.58,27.1,70.61,3
2021-08-11 08:09:44,362.6,27.1,70.68,3
2021-08-11 08:10:07,436.05,27.1,70.63,3
2021-08-11 08:10:29,443.58,27.1,70.66,3
2021-08-11 08:10:52,443.58,27.1,70.87,3
2021-08-11 08:11:14,428.68,27.11,70.77,3
2021-08-11 08:11:37,428.68,27.11,70.79,3
2021-08-11 08:12:00,362.6,27.11,70.69,3
2021-08-11 08:12:22,443.58,27.11,70.71,3
2021-08-11 08:12:45,436.05,27.1,70.81,3
2021-08-11 08:13:08,443.58,27.11,71.05,3
2021-08-11 08:13:30,459.1,27.11,71.21,3
2021-08-11 08:13:53,443.58,27.12,71.08,3
2021-08-11 08:14:16,443.58,27.12,70.96,3
2021-08-11 08:14:38,443.58,27.12,70.92,3
2021-08-11 08:15:01,459.1,27.12,71.04,3
2021-08-11 08:15:24,374.78,27.11,71.1,3
2021-08-11 08:15:46,451.26,27.12,71.11,3
2021-08-11 08:16:09,407.44,27.13,70.88,3
2021-08-11 08:16:31,451.26,27.14,71.16,3
2021-08-11 08:16:54,443.58,27.14,71.02,3
2021-08-11 08:17:17,421.46,27.14,70.87,3
2021-08-11 08:17:39,362.6,27.14,70.91,3
2021-08-11 08:18:02,428.68,27.15,70.88,3
2021-08-11 08:18:24,443.58,27.15,70.95,3
2021-08-11 08:18:47,451.26,27.15,71.36,3
2021-08-11 08:19:10,443.58,27.16,71.1,3
2021-08-11 08:19:32,443.58,27.16,71.11,3
2021-08-11 08:19:55,451.26,27.17,71.02,3
2021-08-11 08:20:18,451.26,27.15,71.57,3
2021-08-11 08:20:40,451.26,27.14,71.56,3
2021-08-11 08:21:03,374.78,27.14,71.39,3
2021-08-11 08:21:25,451.26,27.15,71.36,3
2021-08-11 08:21:48,374.78,27.17,71.5,3
2021-08-11 08:22:58,451.26,27.18,71.48,3
2021-08-11 08:23:20,374.78,27.18,71.29,3
2021-08-11 08:23:43,407.44,27.18,71.3,3
2021-08-11 08:24:05,407.44,27.18,71.3,3
2021-08-11 08:24:28,414.38,27.17,71.62,3
2021-08-11 08:24:51,381.05,27.22,71.46,3
2021-08-11 08:25:13,339.62,27.22,71.32,3
2021-08-11 08:25:36,414.38,27.23,71.24,3
2021-08-11 08:25:58,414.38,27.22,71.24,3
2021-08-11 08:26:21,421.46,27.21,71.24,3
2021-08-11 08:26:44,414.38,27.22,71.43,3
2021-08-11 08:27:07,350.89,27.22,71.27,3
2021-08-11 08:27:29,362.6,27.22,71.29,3
2021-08-11 08:27:52,374.78,27.23,71.34,3
2021-08-11 08:28:14,362.6,27.22,71.45,3
2021-08-11 08:28:37,362.6,27.21,71.62,3
2021-08-11 08:29:00,374.78,27.2,72.23,3
2021-08-11 08:29:23,381.05,27.23,71.89,3
2021-08-11 08:29:45,374.78,27.24,71.96,3
2021-08-11 08:30:08,387.45,27.25,71.8,3
2021-08-11 08:30:31,387.45,27.26,71.56,3
2021-08-11 08:30:53,387.45,27.26,71.67,3
2021-08-11 08:31:16,387.45,27.25,71.56,3
2021-08-11 08:31:39,339.62,27.27,71.85,3
2021-08-11 08:32:01,374.78,27.27,71.6,3
2021-08-11 08:32:24,328.78,27.27,71.48,3
2021-08-11 08:32:47,400.65,27.26,71.54,3
2021-08-11 08:33:09,339.62,27.26,71.59,3
2021-08-11 08:33:32,414.38,27.25,71.65,3
2021-08-11 08:33:55,381.05,27.26,71.61,3
2021-08-11 08:34:17,381.05,27.25,71.6,3
2021-08-11 08:34:40,387.45,27.24,71.63,3
2021-08-11 08:35:03,407.44,27.27,71.67,3
2021-08-11 08:35:25,387.45,27.27,71.61,3
2021-08-11 08:35:48,407.44,27.27,71.59,3
2021-08-11 08:36:11,414.38,27.27,71.6,3
2021-08-11 08:36:33,414.38,27.27,71.61,3
2021-08-11 08:36:56,414.38,27.27,71.61,3
2021-08-11 08:37:19,436.05,27.28,71.61,3
2021-08-11 08:37:42,362.6,27.3,71.92,3
2021-08-11 08:38:04,414.38,27.29,71.73,3
2021-08-11 08:38:27,334.15,27.3,72.09,3
2021-08-11 08:38:50,362.6,27.31,71.75,3
2021-08-11 08:39:12,451.26,27.31,71.69,3
2021-08-11 08:39:35,436.05,27.31,71.68,3
2021-08-11 08:39:58,451.26,27.32,71.55,3
2021-08-11 08:40:20,459.1,27.31,71.59,3
2021-08-11 08:40:43,459.1,27.32,71.71,3
2021-08-11 08:41:06,459.1,27.32,71.88,3
2021-08-11 08:41:28,459.1,27.32,71.69,3
2021-08-11 08:41:51,328.78,27.32,71.71,3
2021-08-11 08:42:13,345.2,27.33,71.57,3
2021-08-11 08:42:36,374.78,27.32,71.56,3
2021-08-11 08:42:59,400.65,27.33,71.82,3
2021-08-11 08:43:21,414.38,27.34,71.64,3
2021-08-11 08:43:44,414.38,27.34,71.79,3
2021-08-11 08:44:07,421.46,27.34,71.67,3
2021-08-11 08:44:29,387.45,27.34,71.61,3
2021-08-11 08:44:52,407.44,27.35,71.73,3
2021-08-11 08:45:14,414.38,27.36,71.82,3
2021-08-11 08:45:37,407.44,27.37,71.65,3
2021-08-11 08:46:00,414.38,27.37,71.5,3
2021-08-11 08:46:22,414.38,27.37,71.77,3
2021-08-11 08:46:45,414.38,27.38,71.74,3
2021-08-11 08:47:08,414.38,27.39,71.57,3
2021-08-11 08:47:30,421.46,27.4,71.67,3
2021-08-11 08:47:53,421.46,27.39,71.6,3
2021-08-11 08:48:15,328.78,27.4,71.48,3
2021-08-11 08:48:38,374.78,27.4,71.5,3
2021-08-11 08:49:01,400.65,27.4,71.61,3
2021-08-11 08:49:23,387.45,27.41,71.59,3
2021-08-11 08:49:46,387.45,27.42,71.74,3
2021-08-11 08:50:36,400.65,27.43,71.77,3
2021-08-11 08:50:59,407.44,27.44,71.7,3
2021-08-11 08:51:22,407.44,27.44,71.74,3
2021-08-11 08:51:44,407.44,27.46,71.62,3
2021-08-11 08:52:07,400.65,27.46,71.67,3
2021-08-11 08:52:29,414.38,27.47,71.81,3
2021-08-11 08:52:52,339.62,27.48,71.8,3
2021-08-11 08:53:15,414.38,27.48,71.62,3
2021-08-11 08:53:37,414.38,27.48,71.55,3
2021-08-11 08:54:00,345.2,27.48,71.87,3
2021-08-11 08:54:23,407.44,27.49,71.72,3
2021-08-11 08:54:45,345.2,27.49,71.6,3
2021-08-11 08:55:08,345.2,27.46,71.43,3
2021-08-11 08:55:31,414.38,27.45,71.43,3
2021-08-11 08:55:53,374.78,27.47,71.63,3
2021-08-11 08:56:16,298.66,27.47,71.52,3
2021-08-11 08:56:38,374.78,27.47,71.68,3
2021-08-11 08:57:01,289.35,27.48,72.0,3
2021-08-11 08:57:24,374.78,27.48,71.68,3
2021-08-11 08:57:46,328.78,27.47,71.69,3
2021-08-11 08:58:09,381.05,27.47,71.73,3
2021-08-11 08:58:32,334.15,27.47,71.72,3
2021-08-11 08:58:54,387.45,27.48,71.83,3
2021-08-11 08:59:17,387.45,27.48,71.76,3
2021-08-11 08:59:39,387.45,27.49,71.75,3
2021-08-11 09:00:02,328.78,27.5,71.68,3
2021-08-11 09:00:25,400.65,27.49,71.67,3
2021-08-11 09:00:47,334.15,27.51,71.72,3
2021-08-11 09:01:10,387.45,27.51,71.67,3
2021-08-11 09:01:33,387.45,27.49,71.68,3
2021-08-11 09:01:55,400.65,27.48,71.65,3
2021-08-11 09:02:18,407.44,27.48,71.79,3
2021-08-11 09:02:40,308.32,27.48,71.81,3
2021-08-11 09:03:03,280.39,27.5,71.76,3
2021-08-11 09:03:26,298.66,27.52,71.72,3
2021-08-11 09:03:49,308.32,27.53,71.69,3
2021-08-11 09:04:11,308.32,27.54,71.77,3
2021-08-11 09:04:34,284.83,27.55,71.69,3
2021-08-11 09:04:56,293.96,27.54,71.66,3
2021-08-11 09:05:20,298.66,27.54,71.56,3
2021-08-11 09:05:42,247.66,27.54,71.58,3
2021-08-11 09:06:05,243.89,27.53,71.56,3
2021-08-11 09:06:28,313.29,27.55,71.47,3
2021-08-11 09:06:50,313.29,27.55,71.43,3
2021-08-11 09:07:13,328.78,27.56,71.6,3
2021-08-11 09:07:36,271.75,27.57,71.51,3
2021-08-11 09:07:58,308.32,27.57,71.41,3
2021-08-11 09:08:21,308.32,27.55,71.3,3
2021-08-11 09:08:44,263.42,27.57,71.39,3
2021-08-11 09:09:06,313.29,27.56,71.39,3
2021-08-11 09:09:29,328.78,27.57,71.37,3
2021-08-11 09:09:51,328.78,27.56,71.39,3
2021-08-11 09:10:14,303.44,27.58,71.38,3
2021-08-11 09:10:37,308.32,27.59,71.31,3
2021-08-11 09:10:59,308.32,27.58,71.31,3
2021-08-11 09:11:22,255.4,27.59,71.31,3
2021-08-11 09:11:45,328.78,27.59,71.3,3
2021-08-11 09:12:07,263.42,27.59,71.27,3
2021-08-11 09:12:30,328.78,27.6,71.26,3
2021-08-11 09:12:53,271.75,27.6,71.29,3
2021-08-11 09:13:15,328.78,27.62,71.33,3
2021-08-11 09:13:38,328.78,27.64,71.29,3
2021-08-11 09:14:01,308.32,27.63,71.2,3
2021-08-11 09:14:23,328.78,27.64,71.2,3
2021-08-11 09:14:46,328.78,27.66,71.21,3
2021-08-11 09:15:08,298.66,27.66,71.19,3
2021-08-11 09:15:31,308.32,27.67,71.3,3
2021-08-11 09:15:54,308.32,27.68,71.17,3
2021-08-11 09:16:16,308.32,27.68,71.06,3
2021-08-11 09:16:40,255.4,27.68,71.15,3
2021-08-11 09:17:03,308.32,27.68,71.37,3
2021-08-11 09:17:26,255.4,27.7,71.3,3
2021-08-11 09:17:48,328.78,27.7,71.29,3
2021-08-11 09:18:14,259.37,27.7,71.26,3
2021-08-11 09:18:37,328.78,27.72,71.25,3
2021-08-11 09:19:00,334.15,27.73,71.26,3
2021-08-11 09:19:22,328.78,27.73,71.32,3
2021-08-11 09:19:45,328.78,27.75,71.32,3
2021-08-11 09:20:07,263.42,27.75,71.3,3
2021-08-11 09:20:30,334.15,27.76,71.26,3
2021-08-11 09:20:53,271.75,27.77,71.31,3
2021-08-11 09:21:15,339.62,27.77,71.33,3
2021-08-11 09:21:38,339.62,27.79,71.33,3
2021-08-11 09:22:01,339.62,27.79,71.28,3
2021-08-11 09:22:23,284.83,27.8,71.33,3
2021-08-11 09:22:46,339.62,27.81,71.49,3
2021-08-11 09:23:08,339.62,27.8,71.2,3
2021-08-11 09:23:31,345.2,27.81,71.22,3
2021-08-11 09:23:54,289.35,27.82,71.25,3
2021-08-11 09:24:16,350.89,27.81,71.31,3
2021-08-11 09:24:39,345.2,27.81,71.25,3
2021-08-11 09:25:02,350.89,27.82,71.22,3
2021-08-11 09:25:24,345.2,27.83,71.24,3
2021-08-11 09:25:47,289.35,27.84,71.22,3
2021-08-11 09:26:09,339.62,27.85,71.19,3
2021-08-11 09:26:32,345.2,27.86,71.17,3
2021-08-11 09:26:55,284.83,27.87,71.13,3
2021-08-11 09:27:17,284.83,27.87,71.07,3
2021-08-11 09:27:40,345.2,27.87,71.1,3
2021-08-11 09:28:03,289.35,27.89,71.2,3
2021-08-11 09:28:25,345.2,27.9,71.11,3
2021-08-11 09:28:48,289.35,27.9,71.06,3
2021-08-11 09:29:10,350.89,27.9,71.1,3
2021-08-11 09:29:33,289.35,27.92,71.06,3
2021-08-11 09:29:56,350.89,27.92,71.14,3
2021-08-11 09:30:18,356.68,27.93,71.15,2
2021-08-11 09:30:41,356.68,27.97,71.3,2
2021-08-11 09:31:03,350.89,27.97,71.21,2
2021-08-11 09:31:26,345.2,27.98,71.11,2
2021-08-11 09:31:49,284.83,27.99,71.03,2
2021-08-11 09:32:12,356.68,27.99,71.07,2
2021-08-11 09:32:34,289.35,28.0,71.04,2
2021-08-11 09:32:57,350.89,28.01,71.1,2
2021-08-11 09:33:20,289.35,28.02,71.06,2
2021-08-11 09:33:42,356.68,28.03,71.14,2
2021-08-11 09:34:05,350.89,28.04,71.08,2
2021-08-11 09:34:27,255.4,28.04,71.04,2
2021-08-11 09:36:40,296.26,28.08,70.94,2
2021-08-11 09:37:03,368.36,28.08,70.79,2
2021-08-11 09:37:26,447.23,28.04,70.67,2
2021-08-11 09:37:48,447.23,28.05,70.79,2
2021-08-11 09:38:11,439.93,28.06,70.88,2
2021-08-11 09:38:34,447.23,28.08,70.88,2
2021-08-11 09:38:56,447.23,28.07,70.64,2
2021-08-11 09:39:19,462.25,28.07,70.62,2
2021-08-11 09:40:05,447.23,28.09,70.66,2
2021-08-11 09:40:28,462.25,28.1,70.65,2
2021-08-11 09:40:50,469.99,28.11,70.7,2
2021-08-11 09:41:13,392.66,28.12,70.71,2
2021-08-11 09:41:36,462.25,28.12,70.77,2
2021-08-11 09:42:21,233.24,28.13,70.66,2
2021-08-11 09:42:43,511.09,28.14,70.64,2
2021-08-11 09:43:06,519.82,28.15,70.65,2
2021-08-11 09:43:29,547.11,28.15,70.64,2
2021-08-11 09:43:51,556.58,28.17,70.65,2
2021-08-11 09:44:14,556.58,28.19,70.63,2
2021-08-11 09:44:36,556.58,28.19,70.58,2
2021-08-11 09:44:59,556.58,28.19,70.47,2
2021-08-11 09:45:22,566.25,28.21,70.58,2
2021-08-11 09:45:44,511.09,28.22,70.61,2
2021-08-11 09:46:07,566.25,28.23,70.57,2
2021-08-11 09:46:30,576.13,28.22,70.44,2
2021-08-11 09:46:52,576.13,28.22,70.37,2
2021-08-11 09:47:15,576.13,28.24,70.54,2
2021-08-11 09:47:37,519.82,28.26,70.66,2
2021-08-11 09:48:00,566.25,28.28,70.64,2
2021-08-11 09:48:23,566.25,28.27,70.63,2
2021-08-11 09:48:45,586.21,28.29,70.58,2
2021-08-11 09:49:08,576.13,28.31,70.67,2
2021-08-11 09:49:31,586.21,28.31,70.51,2
2021-08-11 09:49:53,576.13,28.3,70.5,2
2021-08-11 09:50:16,586.21,28.32,70.55,2
2021-08-11 09:50:38,528.73,28.33,70.51,2
2021-08-11 09:51:01,528.73,28.34,70.52,2
2021-08-11 09:51:24,576.13,28.35,70.82,2
2021-08-11 09:51:46,586.21,28.37,70.6,2
2021-08-11 09:52:09,586.21,28.38,70.5,2
2021-08-11 09:52:32,528.73,28.39,70.65,2
2021-08-11 09:52:54,528.73,28.38,70.49,2
2021-08-11 09:53:17,586.21,28.42,70.55,2
2021-08-11 09:53:39,586.21,28.42,70.53,2
2021-08-11 09:54:02,586.21,28.42,70.38,2
2021-08-11 09:54:25,586.21,28.43,70.42,2
2021-08-11 09:54:47,586.21,28.43,70.38,2
2021-08-11 09:55:10,586.21,28.43,70.39,2
2021-08-11 09:55:33,586.21,28.43,70.45,2
2021-08-11 09:55:55,586.21,28.43,70.38,2
2021-08-11 09:56:18,586.21,28.44,70.33,2
2021-08-11 09:56:41,607.03,28.44,70.33,2
2021-08-11 09:57:03,607.03,28.44,70.31,2
2021-08-11 09:57:26,586.21,28.44,70.37,2
2021-08-11 09:57:48,519.82,28.43,70.1,2
2021-08-11 09:58:11,586.21,28.42,70.17,2
2021-08-11 09:58:34,586.21,28.41,70.48,2
2021-08-11 09:58:56,586.21,28.41,70.39,2
2021-08-11 09:59:19,528.73,28.41,70.18,2
2021-08-11 09:59:41,586.21,28.43,70.21,2
2021-08-11 10:00:04,547.11,28.44,70.17,2
2021-08-11 10:00:27,607.03,28.47,69.94,3
2021-08-11 10:00:49,586.21,28.46,69.79,3
2021-08-11 10:01:12,528.73,28.45,69.67,3
2021-08-11 10:01:35,586.21,28.45,69.92,3
2021-08-11 10:01:57,528.73,28.45,69.92,3
2021-08-11 10:02:20,586.21,28.47,69.96,3
2021-08-11 10:02:43,607.03,28.48,69.88,3
2021-08-11 10:03:05,586.21,28.48,69.84,3
2021-08-11 10:03:28,586.21,28.49,69.67,3
2021-08-11 10:03:50,586.21,28.49,69.72,3
2021-08-11 10:04:13,607.03,28.49,69.8,3
2021-08-11 10:04:36,586.21,28.5,69.73,3
2021-08-11 10:04:58,586.21,28.51,69.72,3
2021-08-11 10:05:21,576.13,28.53,69.58,3
2021-08-11 10:05:44,586.21,28.53,69.59,3
2021-08-11 10:06:06,586.21,28.54,69.59,3
2021-08-11 10:06:29,528.73,28.54,69.32,3
2021-08-11 10:06:51,586.21,28.54,69.48,3
2021-08-11 10:07:14,586.21,28.55,69.5,3
2021-08-11 10:07:37,586.21,28.57,69.35,3
2021-08-11 10:07:59,586.21,28.56,69.37,3
2021-08-11 10:08:22,586.21,28.57,69.21,3
2021-08-11 10:08:45,586.21,28.56,69.32,3
2021-08-11 10:09:07,586.21,28.57,69.23,3
2021-08-11 10:09:30,586.21,28.57,69.3,3
2021-08-11 10:09:52,586.21,28.56,69.19,3
2021-08-11 10:10:15,586.21,28.57,69.19,3
2021-08-11 10:10:38,586.21,28.57,69.1,3
2021-08-11 10:11:00,586.21,28.57,68.9,3
2021-08-11 10:11:23,607.03,28.57,68.85,3
2021-08-11 10:11:46,586.21,28.57,68.67,3
2021-08-11 10:12:08,586.21,28.57,68.64,3
2021-08-11 10:12:31,576.13,28.57,68.74,3
2021-08-11 10:12:53,586.21,28.58,68.89,3
2021-08-11 10:13:16,519.82,28.58,68.67,3
2021-08-11 10:13:39,586.21,28.58,68.86,3
2021-08-11 10:14:01,586.21,28.59,68.78,3
2021-08-11 10:14:24,586.21,28.59,68.73,3
2021-08-11 10:14:46,586.21,28.6,68.8,3
2021-08-11 10:15:09,607.03,28.6,68.74,3
2021-08-11 10:15:32,607.03,28.61,68.84,3
2021-08-11 10:15:54,607.03,28.62,68.95,3
2021-08-11 10:16:17,607.03,28.63,68.95,3
2021-08-11 10:16:39,607.03,28.65,68.67,3
2021-08-11 10:17:02,586.21,28.66,68.43,3
2021-08-11 10:17:25,576.13,28.66,68.43,3
2021-08-11 10:17:48,528.73,28.66,68.41,3
2021-08-11 10:18:10,528.73,28.65,68.36,3
2021-08-11 10:18:56,607.03,28.68,68.48,3
2021-08-11 10:19:19,537.83,28.69,68.45,3
2021-08-11 10:19:41,586.21,28.69,68.29,3
2021-08-11 10:20:04,607.03,28.7,68.24,3
2021-08-11 10:20:26,556.58,28.71,68.36,3
2021-08-11 10:20:49,607.03,28.72,68.48,3
2021-08-11 10:21:12,537.83,28.73,68.45,3
2021-08-11 10:21:35,607.03,28.74,68.3,3
2021-08-11 10:21:57,607.03,28.74,68.28,3
2021-08-11 10:22:20,547.11,28.74,68.21,3
2021-08-11 10:22:43,607.03,28.75,68.08,3
2021-08-11 10:23:05,586.21,28.77,68.07,3
2021-08-11 10:23:28,607.03,28.77,68.15,3
2021-08-11 10:23:51,607.03,28.77,68.19,3
2021-08-11 10:24:13,586.21,28.79,68.07,3
2021-08-11 10:24:36,586.21,28.81,68.2,3
2021-08-11 10:24:59,586.21,28.82,68.09,3
2021-08-11 10:25:21,528.73,28.81,67.84,3
2021-08-11 10:25:44,586.21,28.81,68.01,3
2021-08-11 10:26:06,537.83,28.82,68.01,3
2021-08-11 10:26:29,607.03,28.83,68.05,3
2021-08-11 10:26:52,547.11,28.84,68.01,3
2021-08-11 10:27:14,607.03,28.84,67.83,3
2021-08-11 10:27:37,537.83,28.86,67.85,3
2021-08-11 10:28:00,586.21,28.86,67.87,3
2021-08-11 10:28:22,537.83,28.88,67.88,3
2021-08-11 10:28:45,586.21,28.9,67.84,3
2021-08-11 10:29:07,607.03,28.88,67.74,3
2021-08-11 10:29:30,607.03,28.89,67.84,3
2021-08-11 10:29:53,607.03,28.91,67.81,3
2021-08-11 10:30:15,607.03,28.91,67.91,3
2021-08-11 10:30:38,519.82,28.88,67.93,3
2021-08-11 10:31:01,607.03,28.96,67.78,1
2021-08-11 10:31:23,607.03,28.96,67.89,1
2021-08-11 10:31:46,607.03,28.97,67.77,1
2021-08-11 10:32:08,607.03,28.97,67.81,1
2021-08-11 10:32:31,617.77,28.97,67.89,1
2021-08-11 10:32:54,628.74,28.95,68.07,1
2021-08-11 10:33:16,628.74,28.97,68.08,1
2021-08-11 10:33:39,547.11,28.96,67.99,1
2021-08-11 10:34:01,617.77,28.97,68.11,1
2021-08-11 10:34:24,556.58,28.97,68.03,1
2021-08-11 10:34:47,628.74,28.98,68.09,1
2021-08-11 10:35:09,639.94,29.01,68.09,1
2021-08-11 10:35:32,628.74,29.02,68.0,1
2021-08-11 10:35:55,556.58,29.0,68.39,1
2021-08-11 10:36:17,607.03,29.02,68.2,1
2021-08-11 10:36:40,651.39,29.03,68.13,1
2021-08-11 10:37:16,617.77,29.03,68.29,1
2021-08-11 10:37:38,675.04,29.03,68.23,1
2021-08-11 10:38:01,795.26,29.01,68.18,1
2021-08-11 10:38:24,795.26,29.03,68.13,1
2021-08-11 10:38:46,699.74,29.03,68.15,1
2021-08-11 10:39:09,795.26,29.04,68.05,1
2021-08-11 10:39:32,687.25,29.07,67.71,1
2021-08-11 10:39:54,810.17,29.04,67.79,1
2021-08-11 10:40:17,699.74,29.03,67.84,1
2021-08-11 10:40:40,687.25,29.03,67.73,1
2021-09-11 07:00:06,406.14,27.24,67.25,1
2021-09-11 07:00:29,406.14,27.25,67.26,1
2021-09-11 07:00:51,411.74,27.26,67.28,1
2021-09-11 07:01:14,411.74,27.26,67.24,1
2021-09-11 07:01:37,411.74,27.27,67.22,1
2021-09-11 07:01:59,395.19,27.27,67.22,1
2021-09-11 07:02:22,395.19,27.27,67.28,1
2021-09-11 07:02:45,389.85,27.28,67.26,1
2021-09-11 07:03:07,389.85,27.26,67.31,2
2021-09-11 07:03:30,389.85,27.27,67.3,2
2021-09-11 07:03:52,389.85,27.27,67.3,2
2021-09-11 07:04:15,345.27,27.29,67.28,2
2021-09-11 07:04:38,349.93,27.3,67.29,2
2021-09-11 07:05:00,400.62,27.31,67.26,1
2021-09-11 07:05:23,411.74,27.32,67.25,1
2021-09-11 07:05:45,389.85,27.33,67.25,1
2021-09-11 07:06:08,389.85,27.33,67.21,1
2021-09-11 07:06:31,384.58,27.33,67.22,1
2021-09-11 07:06:53,340.69,27.35,67.22,1
2021-09-11 07:07:16,327.34,27.35,67.21,1
2021-09-11 07:07:39,384.58,27.36,67.2,1
2021-09-11 07:08:01,384.58,27.37,67.2,2
2021-09-11 07:08:24,384.58,27.37,67.18,2
2021-09-11 07:08:47,384.58,27.36,67.19,2
2021-09-11 07:09:09,340.69,27.37,67.19,1
2021-09-11 07:09:32,384.58,27.38,67.23,1
2021-09-11 07:09:55,384.58,27.38,67.23,1
2021-09-11 07:10:17,384.58,27.4,67.25,1
2021-09-11 07:10:40,384.58,27.43,67.15,1
2021-09-11 07:11:02,384.58,27.43,67.13,1
2021-09-11 07:11:25,331.72,27.43,67.11,1
2021-09-11 07:11:48,384.58,27.43,67.1,1
2021-09-11 07:12:10,384.58,27.43,67.1,2
2021-09-11 07:12:33,384.58,27.45,67.13,2
2021-09-11 07:12:55,384.58,27.45,67.09,2
2021-09-11 07:13:18,384.58,27.45,67.11,2
2021-09-11 07:13:41,379.4,27.44,67.16,2
2021-09-11 07:14:03,384.58,27.45,67.21,2
2021-09-11 07:14:26,400.62,27.46,67.14,2
2021-09-11 07:14:49,384.58,27.47,67.12,2
2021-09-11 07:15:11,384.58,27.48,67.1,2
2021-09-11 07:15:34,389.85,27.48,67.1,2
2021-09-11 07:15:56,389.85,27.48,67.12,2
2021-09-11 07:16:20,389.85,27.48,67.12,2
2021-09-11 07:16:42,340.69,27.49,67.11,2
2021-09-11 07:17:05,340.69,27.49,67.09,2
2021-09-11 07:17:28,389.85,27.5,67.08,2
2021-09-11 07:17:50,384.58,27.5,67.03,2
2021-09-11 07:18:13,389.85,27.5,67.03,3
2021-09-11 07:18:36,400.62,27.49,67.23,3
2021-09-11 07:18:58,395.19,27.5,67.15,3
2021-09-11 07:19:21,400.62,27.52,67.11,3
2021-09-11 07:19:44,395.19,27.54,67.07,3
2021-09-11 07:20:06,389.85,27.56,67.05,3
2021-09-11 07:20:29,395.19,27.58,67.11,3
2021-09-11 07:20:51,406.14,27.59,67.06,3
2021-09-11 07:21:14,395.19,27.61,67.06,3
2021-09-11 07:21:37,349.93,27.61,67.13,3
2021-09-11 07:21:59,406.14,27.61,67.13,3
2021-09-11 07:22:22,349.93,27.62,67.12,3
2021-09-11 07:22:44,345.27,27.64,67.05,3
2021-09-11 07:23:07,389.85,27.66,67.21,3
2021-09-11 07:23:30,389.85,27.67,67.15,3
2021-09-11 07:23:52,389.85,27.69,67.07,3
2021-09-11 07:24:15,400.62,27.7,67.16,2
2021-09-11 07:24:38,406.14,27.72,67.23,2
2021-09-11 07:25:01,354.65,27.73,67.31,2
2021-09-11 07:25:23,406.14,27.73,67.22,2
2021-09-11 07:25:46,389.85,27.74,67.04,2
2021-09-11 07:26:08,389.85,27.71,66.61,2
2021-09-11 07:26:31,384.58,27.72,66.8,2
2021-09-11 07:26:54,384.58,27.72,66.95,2
2021-09-11 07:27:16,384.58,27.73,66.91,3
2021-09-11 07:27:39,384.58,27.76,66.94,3
2021-09-11 07:28:02,389.85,27.76,66.92,3
2021-09-11 07:28:24,395.19,27.77,66.93,3
2021-09-11 07:28:47,389.85,27.78,66.91,3
2021-09-11 07:29:13,389.85,27.78,67.02,3
2021-09-11 07:29:35,406.14,27.79,67.0,3
2021-09-11 07:29:58,389.85,27.8,66.96,3
2021-09-11 07:30:21,389.85,27.81,66.83,3
2021-09-11 07:30:43,406.14,27.82,66.9,3
2021-09-11 07:31:06,384.58,27.84,66.78,3
2021-09-11 07:31:29,395.19,27.86,66.67,3
2021-09-11 07:31:51,379.4,27.87,66.63,3
2021-09-11 07:32:14,340.69,27.88,66.6,3
2021-09-11 07:32:36,389.85,27.88,66.37,3
2021-09-11 07:32:59,389.85,27.88,66.46,3
2021-09-11 07:33:22,389.85,27.89,66.36,3
2021-09-11 07:33:44,389.85,27.9,66.3,3
2021-09-11 07:34:07,336.17,27.92,66.34,3
2021-09-11 07:34:29,340.69,27.92,66.24,3
2021-09-11 07:34:52,389.85,27.92,66.32,3
2021-09-11 07:35:15,384.58,27.93,66.36,3
2021-09-11 07:35:37,340.69,27.95,66.29,3
2021-09-11 07:36:00,389.85,27.95,66.32,3
2021-09-11 07:36:23,340.69,27.95,66.32,3
2021-09-11 07:36:46,389.85,27.96,66.29,3
2021-09-11 07:37:09,389.85,27.97,66.37,3
2021-09-11 07:37:31,389.85,27.97,66.38,3
2021-09-11 07:37:54,389.85,27.98,66.45,3
2021-09-11 07:38:17,406.14,27.99,66.49,3
2021-09-11 07:38:39,389.85,28.0,66.53,3
2021-09-11 07:39:02,345.27,28.0,66.48,3
2021-09-11 07:39:25,389.85,28.01,66.48,3
2021-09-11 07:39:47,389.85,28.01,66.48,3
2021-09-11 07:40:10,379.4,28.0,66.03,3
2021-09-11 07:40:33,379.4,27.99,65.74,3
2021-09-11 07:40:55,331.72,27.99,65.76,3
2021-09-11 07:41:18,369.27,27.99,65.9,3
2021-09-11 07:41:40,369.27,28.0,65.91,3
2021-09-11 07:42:03,369.27,28.02,65.94,3
2021-09-11 07:42:26,364.32,28.02,65.77,3
2021-09-11 07:42:48,364.32,28.03,65.82,3
2021-09-11 07:43:11,364.32,28.03,65.74,3
2021-09-11 07:43:34,323.03,28.02,65.55,3
2021-09-11 07:43:56,323.03,28.03,65.74,3
2021-09-11 07:44:19,364.32,28.03,65.72,3
2021-09-11 07:44:41,364.32,28.04,65.78,3
2021-09-11 07:45:04,369.27,28.06,65.8,3
2021-09-11 07:45:27,369.27,28.07,65.85,3
2021-09-11 07:45:49,327.34,28.09,65.9,3
2021-09-11 07:46:12,369.27,28.1,65.92,3
2021-09-11 07:46:35,369.27,28.11,65.91,3
2021-09-11 07:46:57,359.45,28.12,66.02,3
2021-09-11 07:47:20,323.03,28.14,65.99,3
2021-09-11 07:47:42,359.45,28.15,65.97,3
2021-09-11 07:48:05,364.32,28.17,65.96,3
2021-09-11 07:48:28,364.32,28.18,65.87,3
2021-09-11 07:48:50,323.03,28.19,65.86,3
2021-09-11 07:49:13,364.32,28.19,65.87,3
2021-09-11 07:49:36,364.32,28.21,65.85,3
2021-09-11 07:49:58,364.32,28.21,65.75,3
2021-09-11 07:50:23,302.39,28.22,65.59,3
2021-09-11 07:50:46,354.65,28.21,65.2,3
2021-09-11 07:51:08,359.45,28.2,65.45,3
2021-09-11 07:51:31,359.45,28.22,65.65,3
2021-09-11 07:51:54,359.45,28.23,65.66,3
2021-09-11 07:52:16,364.32,28.24,65.58,3
2021-09-11 07:52:39,364.32,28.25,65.58,3
2021-09-11 07:53:01,364.32,28.26,65.58,3
2021-09-11 07:53:24,359.45,28.27,65.56,3
2021-09-11 07:53:47,359.45,28.27,65.53,3
2021-09-11 07:54:09,364.32,28.28,65.48,3
2021-09-11 07:54:32,359.45,28.29,65.49,3
2021-09-11 07:54:55,314.59,28.28,65.42,3
2021-09-11 07:55:17,323.03,28.26,65.13,3
2021-09-11 07:55:40,359.45,28.25,65.07,3
2021-09-11 07:56:02,359.45,28.23,65.51,3
2021-09-11 07:56:25,314.59,28.21,65.71,3
2021-09-11 07:56:48,359.45,28.2,66.2,3
2021-09-11 07:57:10,359.45,28.26,66.07,3
2021-09-11 07:57:33,359.45,28.29,66.28,3
2021-09-11 07:57:55,359.45,28.38,65.66,3
2021-09-11 07:58:18,354.65,28.41,65.32,3
2021-09-11 07:58:41,310.46,28.43,64.95,3
2021-09-11 07:59:03,306.4,28.45,65.19,3
2021-09-11 07:59:26,354.65,28.44,64.91,3
2021-09-11 07:59:49,336.17,28.42,64.97,3
2021-09-11 08:00:11,340.69,28.4,65.39,3
2021-09-11 08:00:34,340.69,28.39,65.21,3
2021-09-11 08:00:57,340.69,28.4,65.08,3
2021-09-11 08:01:20,345.27,28.38,65.14,3
2021-09-11 08:01:42,340.69,28.36,65.16,3
2021-09-11 08:02:05,340.69,28.34,65.02,3
2021-09-11 08:02:27,340.69,28.34,65.18,3
2021-09-11 08:02:50,340.69,28.34,65.15,3
2021-09-11 08:03:13,298.45,28.35,65.18,3
2021-09-11 08:03:35,345.27,28.33,65.07,3
2021-09-11 08:03:58,298.45,28.31,65.12,3
2021-09-11 08:04:21,340.69,28.32,65.08,3
2021-09-11 08:04:43,340.69,28.32,65.2,3
2021-09-11 08:05:06,298.45,28.33,65.26,3
2021-09-11 08:05:29,345.27,28.34,65.22,3
2021-09-11 08:05:51,345.27,28.35,65.31,3
2021-09-11 08:06:14,345.27,28.35,65.29,3
2021-09-11 08:06:36,298.45,28.36,65.33,3
2021-09-11 08:06:59,345.27,28.36,65.34,3
2021-09-11 08:07:22,345.27,28.37,65.32,3
2021-09-11 08:07:44,345.27,28.38,65.31,3
2021-09-11 08:08:07,298.45,28.39,65.28,3
2021-09-11 08:08:30,345.27,28.4,65.25,3
2021-09-11 08:08:52,345.27,28.4,65.26,3
2021-09-11 08:09:15,345.27,28.4,65.22,3
2021-09-11 08:09:38,302.39,28.4,65.17,3
2021-09-11 08:10:00,340.69,28.41,65.17,3
2021-09-11 08:10:23,345.27,28.41,65.18,3
2021-09-11 08:10:46,340.69,28.41,65.18,3
2021-09-11 08:11:08,345.27,28.41,65.18,3
2021-09-11 08:11:31,298.45,28.41,65.22,3
2021-09-11 08:11:53,298.45,28.42,65.11,3
2021-09-11 08:12:16,345.27,28.43,65.05,3
2021-09-11 08:12:39,275.96,28.42,65.05,3
2021-09-11 08:13:01,345.27,28.44,65.25,3
2021-09-11 08:13:24,298.45,28.44,64.99,3
2021-09-11 08:13:46,340.69,28.44,64.98,3
2021-09-11 08:14:09,340.69,28.44,65.03,3
2021-09-11 08:14:32,294.56,28.44,65.04,3
2021-09-11 08:14:54,345.27,28.45,65.04,3
2021-09-11 08:15:17,340.69,28.45,65.02,3
2021-09-11 08:15:40,294.56,28.45,64.9,3
2021-09-11 08:16:02,345.27,28.45,65.03,3
2021-09-11 08:16:25,345.27,28.46,65.13,3
2021-09-11 08:16:47,345.27,28.48,65.08,3
2021-09-11 08:17:10,298.45,28.48,65.07,3
2021-09-11 08:30:17,311.34,28.74,64.84,3
2021-09-11 08:30:40,404.99,28.74,64.8,3
2021-09-11 08:31:02,404.99,28.74,64.91,3
2021-09-11 08:31:25,410.45,28.75,64.93,3
2021-09-11 08:32:10,404.99,28.76,64.94,3
2021-09-11 08:32:33,350.06,28.78,64.97,3
2021-09-11 08:32:55,410.45,28.79,64.97,3
2021-09-11 08:33:18,415.99,28.8,64.96,3
2021-09-11 08:33:41,404.99,28.81,64.95,3
2021-09-11 08:34:03,354.69,28.82,64.94,3
2021-09-11 08:34:26,410.45,28.82,64.92,3
2021-09-11 08:34:48,354.69,28.83,64.97,3
2021-09-11 08:35:11,415.99,28.85,64.96,3
2021-09-11 08:35:34,415.99,28.85,65.01,3
2021-09-11 08:35:56,415.99,28.86,64.97,3
2021-09-11 08:36:19,415.99,28.86,64.95,3
2021-09-11 08:36:42,399.61,28.88,64.9,3
2021-09-11 08:37:04,345.5,28.88,64.89,3
2021-09-11 08:37:27,394.31,28.88,64.88,3
2021-09-11 08:37:49,341.01,28.9,64.81,3
2021-09-11 08:38:12,410.45,28.92,64.84,3
2021-09-11 08:38:35,410.45,28.92,64.86,3
2021-09-11 08:38:57,399.61,28.93,64.83,3
2021-09-11 08:39:20,354.69,28.94,64.79,3
2021-09-11 08:39:43,404.99,28.95,64.78,3
2021-09-11 08:40:05,354.69,28.96,64.73,3
2021-09-11 08:40:28,415.99,28.97,64.75,3
2021-09-11 08:40:51,354.69,28.98,64.77,3
2021-09-11 08:41:13,415.99,28.98,64.74,3
2021-09-11 08:41:36,415.99,28.99,64.73,3
2021-09-11 08:41:59,359.39,29.01,64.76,3
2021-09-11 08:42:21,410.45,29.01,64.53,3
2021-09-11 08:42:44,354.69,29.02,64.44,3
2021-09-11 08:43:06,415.99,29.02,64.5,3
2021-09-11 08:43:29,354.69,29.03,64.37,3
2021-09-11 08:43:52,404.99,29.02,64.17,3
2021-09-11 08:44:14,350.06,29.04,64.35,3
2021-09-11 08:44:37,404.99,29.04,64.31,3
2021-09-11 08:44:59,359.39,29.05,64.48,3
2021-09-11 08:45:22,404.99,29.06,64.39,3
2021-09-11 08:45:45,410.45,29.05,64.41,3
2021-09-11 08:46:07,415.99,29.05,64.46,3
2021-09-11 08:46:30,354.69,29.05,64.49,3
2021-09-11 08:46:52,364.16,29.05,64.49,3
2021-09-11 08:47:15,415.99,29.07,64.46,3
2021-09-11 08:47:38,364.16,29.07,64.48,3
2021-09-11 08:48:00,415.99,29.07,64.59,3
2021-09-11 08:48:23,415.99,29.07,64.56,3
2021-09-11 08:48:46,421.62,29.07,64.55,3
2021-09-11 08:49:08,364.16,29.07,64.58,3
2021-09-11 08:49:31,415.99,29.08,64.59,3
2021-09-11 08:49:54,421.62,29.09,64.64,3
2021-09-11 08:50:16,421.62,29.1,64.64,3
2021-09-11 08:50:39,421.62,29.11,64.72,3
2021-09-11 08:51:01,421.62,29.13,64.71,3
2021-09-11 08:51:24,369.0,29.14,64.71,3
2021-09-11 08:51:47,421.62,29.16,64.66,3
2021-09-11 08:52:09,421.62,29.17,64.64,3
2021-09-11 08:52:32,369.0,29.17,64.62,3
2021-09-11 08:52:55,427.33,29.19,64.65,3
2021-09-11 08:53:17,404.99,29.18,64.54,3
2021-09-11 08:53:40,421.62,29.19,64.51,3
2021-09-11 08:54:02,421.62,29.19,64.61,3
2021-09-11 08:54:25,415.99,29.2,64.58,3
2021-09-11 08:54:48,359.39,29.22,64.61,3
2021-09-11 08:55:10,415.99,29.23,64.41,3
2021-09-11 08:55:33,415.99,29.23,64.48,3
2021-09-11 08:55:55,415.99,29.24,64.41,3
2021-09-11 08:56:18,364.16,29.25,64.41,3
2021-09-11 08:56:42,415.99,29.26,64.37,3
2021-09-11 08:57:04,415.99,29.27,64.44,3
2021-09-11 08:57:27,415.99,29.28,64.48,3
2021-09-11 08:57:49,410.45,29.28,64.46,3
2021-09-11 08:58:12,359.39,29.29,64.49,3
2021-09-11 08:58:35,415.99,29.29,64.51,3
2021-09-11 08:58:57,415.99,29.3,64.53,3
2021-09-11 08:59:20,415.99,29.31,64.55,3
2021-09-11 08:59:43,410.45,29.32,64.52,3
2021-09-11 09:00:05,415.99,29.33,64.47,3
2021-09-11 09:00:28,378.9,29.33,64.5,3
2021-09-11 09:00:50,383.96,29.35,64.47,3
2021-09-11 09:01:13,383.96,29.36,64.48,3
2021-09-11 09:01:36,383.96,29.35,64.58,3
2021-09-11 09:01:58,383.96,29.37,64.7,3
2021-09-11 09:02:21,389.1,29.39,64.56,3
2021-09-11 09:02:44,383.96,29.41,64.51,3
2021-09-11 09:03:06,323.69,29.42,64.52,3
2021-09-11 09:03:29,389.1,29.42,64.47,3
2021-09-11 09:03:51,389.1,29.43,64.43,3
2021-09-11 09:04:14,383.96,29.42,64.15,3
2021-09-11 09:04:37,383.96,29.4,63.46,3
2021-09-11 09:04:59,323.69,29.38,63.63,3
2021-09-11 09:05:22,389.1,29.39,63.61,3
2021-09-11 09:05:45,323.69,29.4,63.57,3
2021-09-11 09:06:07,389.1,29.38,63.45,3
2021-09-11 09:06:30,389.1,29.37,63.52,3
2021-09-11 09:06:52,327.92,29.38,63.6,3
2021-09-11 09:07:15,389.1,29.38,63.67,3
2021-09-11 09:07:38,327.92,29.38,63.69,3
2021-09-11 09:08:00,389.1,29.4,63.7,3
2021-09-11 09:08:23,336.58,29.39,63.61,3
2021-09-11 09:08:46,399.61,29.41,63.62,3
2021-09-11 09:09:08,332.22,29.4,63.63,3
2021-09-11 09:09:31,394.31,29.4,63.59,3
2021-09-11 09:09:53,327.92,29.42,63.57,3
2021-09-11 09:10:16,399.61,29.43,63.66,3
2021-09-11 09:10:39,345.5,29.44,63.73,3
2021-09-11 09:11:01,369.0,29.46,63.66,3
2021-09-11 09:11:24,378.9,29.46,63.6,3
2021-09-11 09:11:47,315.4,29.45,63.71,3
2021-09-11 09:12:09,383.96,29.49,63.49,3
2021-09-11 09:12:33,378.9,29.5,63.61,3
2021-09-11 09:12:55,378.9,29.5,63.5,3
2021-09-11 09:13:18,383.96,29.51,63.42,3
2021-11-11 06:45:37,325.58,27.03,72.48,1
2021-11-11 06:45:59,395.59,27.04,72.46,1
2021-11-11 06:46:22,395.59,27.05,72.48,1
2021-11-11 06:46:45,395.59,27.05,72.52,1
2021-11-11 06:47:07,395.59,27.06,72.47,1
2021-11-11 06:47:30,344.01,27.06,72.49,1
2021-11-11 06:47:53,395.59,27.06,72.58,1
2021-11-11 06:48:15,395.59,27.05,72.6,1
2021-11-11 06:48:38,395.59,27.06,72.54,1
2021-11-11 06:49:00,390.05,27.06,72.52,1
2021-11-11 06:49:23,353.68,27.06,72.59,1
2021-11-11 06:49:46,395.59,27.06,72.53,1
2021-11-11 06:50:09,401.23,27.06,72.66,1
2021-11-11 06:50:31,395.59,27.06,72.64,1
2021-11-11 06:50:54,395.59,27.06,72.69,1
2021-11-11 06:51:17,401.23,27.05,72.7,1
2021-11-11 06:51:39,344.01,27.03,72.86,1
2021-11-11 06:52:02,395.59,27.02,72.86,1
2021-11-11 06:52:25,401.23,27.02,72.89,1
2021-11-11 06:52:48,353.68,27.03,72.73,1
2021-11-11 06:53:11,395.59,27.05,72.7,1
2021-11-11 06:53:34,401.23,27.06,72.77,1
2021-11-11 06:54:19,395.59,27.05,72.8,1
2021-11-11 06:55:04,395.59,27.03,72.82,1
2021-11-11 06:55:49,395.59,27.02,73.05,1
2021-11-11 06:56:35,395.59,27.02,72.9,1
2021-11-11 06:56:57,363.66,27.03,72.9,1
2021-11-11 06:57:20,363.66,27.0,73.33,1
2021-11-11 06:57:42,330.08,27.01,73.21,1
2021-11-11 06:58:05,384.6,27.03,73.12,1
2021-11-11 06:58:29,330.08,27.05,73.1,1
2021-11-11 06:58:52,379.24,27.06,73.07,1
2021-11-11 06:59:15,379.24,27.06,73.14,1
2021-11-11 06:59:37,373.96,27.06,73.17,1
2021-11-11 07:00:00,373.96,27.06,73.1,1
2021-11-11 07:00:23,325.58,27.08,73.1,1
2021-11-11 07:00:45,373.96,27.09,73.02,1
2021-11-11 07:01:31,379.24,27.06,73.32,1
2021-11-11 07:01:54,325.58,27.06,73.23,1
2021-11-11 07:02:16,373.96,27.09,73.24,1
2021-11-11 07:02:39,379.24,27.09,73.23,1
2021-11-11 07:03:02,373.96,27.08,73.36,1
2021-11-11 07:03:24,373.96,27.1,73.13,1
2021-11-11 07:03:47,384.6,27.11,73.27,1
2021-11-11 07:04:32,384.6,27.13,73.34,1
2021-11-11 07:04:55,379.24,27.22,73.25,1
2021-11-11 07:05:17,334.65,27.2,73.21,1
2021-11-11 07:05:40,395.59,27.19,73.12,1
2021-11-11 07:06:03,395.59,27.18,73.21,1
2021-11-11 07:06:25,395.59,27.19,73.15,1
2021-11-11 07:06:48,395.59,27.18,73.22,1
2021-11-11 07:07:33,353.68,27.2,73.1,1
2021-11-11 07:07:56,373.96,27.2,73.11,1
2021-11-11 07:08:18,373.96,27.22,73.15,1
2021-11-11 07:08:41,373.96,27.18,73.12,1
2021-11-11 07:09:04,368.77,27.18,73.09,1
2021-11-11 07:09:27,368.77,27.18,73.11,1
2021-11-11 07:09:49,368.77,27.18,73.02,1
2021-11-11 07:10:12,368.77,27.18,73.02,1
2021-11-17 06:16:25,345.51,25.95,70.58,1
2021-11-17 06:16:47,395.17,25.9,70.99,1
2021-11-17 06:17:10,395.17,25.88,70.77,1
2021-11-17 06:17:33,395.17,25.86,70.91,1
2021-11-17 06:17:55,384.62,25.84,70.99,1
2021-11-17 06:18:18,374.39,25.81,71.24,1
2021-11-17 06:18:41,374.39,25.8,71.41,1
2021-11-17 06:19:03,319.13,25.77,71.52,1
2021-11-17 06:19:26,364.47,25.76,71.88,1
2021-11-17 06:19:49,359.62,25.74,71.69,1
2021-11-17 06:20:11,354.84,25.71,71.95,1
2021-11-17 06:20:34,350.14,25.71,71.79,1
2021-11-17 06:20:56,350.14,25.71,71.81,1
2021-11-17 06:21:19,345.51,25.72,71.79,1
2021-11-17 06:21:42,345.51,25.73,71.88,1
2021-11-17 06:22:04,354.84,25.74,71.82,1
2021-11-17 06:22:27,345.51,25.74,71.74,1
2021-11-17 06:22:49,350.14,25.75,71.94,1
2021-11-17 06:23:12,350.14,25.74,72.17,1
2021-11-17 06:23:58,350.14,25.74,72.11,1
2021-11-17 06:24:20,310.85,25.74,72.03,1
2021-11-17 06:24:43,340.95,25.74,71.99,1
2021-11-17 06:25:06,306.8,25.73,72.13,1
2021-11-17 06:25:28,340.95,25.73,72.0,1
2021-11-17 06:25:51,340.95,25.73,72.03,1
2021-11-17 06:26:13,336.45,25.72,72.39,1
2021-11-17 06:26:36,336.45,25.72,72.31,1
2021-11-17 06:26:59,336.45,25.72,72.2,1
2021-11-17 06:27:21,340.95,25.73,72.14,1
2021-11-17 06:27:44,336.45,25.73,72.3,1
2021-11-17 06:28:07,340.95,25.73,72.34,1
2021-11-17 06:28:29,345.51,25.72,72.3,1
2021-11-17 06:28:52,345.51,25.72,72.31,1
2021-11-17 06:29:14,345.51,25.72,72.38,1
2021-11-17 06:29:37,345.51,25.71,72.63,1
2021-11-17 06:30:00,345.51,25.72,72.31,1
2021-11-17 06:30:23,350.14,25.72,72.41,1
2021-11-17 06:30:45,350.14,25.73,72.45,1
2021-11-17 06:31:08,354.84,25.73,72.33,1
2021-11-17 06:31:31,354.84,25.74,72.3,1
2021-11-17 06:31:53,350.14,25.74,72.25,1
2021-11-17 06:32:16,345.51,25.76,72.36,1
2021-11-17 06:32:39,345.51,25.75,72.48,1
2021-11-17 06:33:01,350.14,25.75,72.47,1
2021-11-17 06:33:24,350.14,25.75,72.37,1
2021-11-17 06:33:47,350.14,25.74,72.56,1
2021-11-17 06:34:09,345.51,25.72,72.73,1
2021-11-17 06:34:32,306.8,25.71,72.57,1
2021-11-17 06:34:55,345.51,25.68,72.79,1
2021-11-17 06:35:17,310.85,25.67,72.85,1
2021-11-17 06:35:40,327.66,25.69,72.93,1
2021-11-17 06:36:02,359.62,25.67,73.04,1
2021-11-17 06:36:25,354.84,25.67,72.98,1
2021-11-17 06:36:48,336.45,25.67,73.08,1
2021-11-17 06:37:10,272.91,25.67,73.11,1
2021-11-17 06:37:33,280.06,25.68,73.13,1
2021-11-17 06:37:55,231.13,25.68,73.0,1
2021-11-17 06:38:18,280.06,25.69,72.95,1
2021-11-17 06:38:41,240.1,25.69,72.89,1
2021-11-17 06:39:03,280.06,25.7,72.87,1
2021-11-17 06:39:26,276.46,25.71,72.95,1
2021-11-17 06:39:49,276.46,25.71,72.91,1
2021-11-17 06:40:11,287.43,25.72,72.9,1
2021-11-17 06:40:34,280.06,25.72,72.92,1
2021-11-17 06:40:57,276.46,25.72,72.93,1
2021-11-17 06:43:21,353.29,25.81,72.79,1
2021-11-17 06:43:44,411.26,25.81,72.77,1
2021-11-17 06:44:07,427.36,25.81,72.69,1
2021-11-17 06:44:29,371.53,25.81,72.77,1
2021-11-17 06:44:52,432.88,25.81,72.74,1
2021-11-17 06:45:15,385.91,25.8,72.79,1
2021-11-17 06:45:37,362.28,25.8,72.72,1
2021-11-17 06:46:00,421.91,25.76,72.88,1
2021-11-17 06:46:22,340.26,25.78,72.72,1
2021-11-17 06:46:45,395.83,25.78,72.81,1
2021-11-17 06:47:08,381.05,25.77,72.89,1
2021-11-17 06:47:30,390.83,25.76,72.96,1
2021-11-17 06:47:53,406.04,25.77,72.9,1
2021-11-17 06:48:15,348.88,25.78,72.92,1
2021-11-17 06:48:38,390.83,25.79,72.87,1
2021-11-17 06:49:01,390.83,25.79,72.87,1
2021-11-17 06:49:23,390.83,25.79,72.83,1
2021-11-17 06:49:46,390.83,25.77,72.93,1
2021-11-17 06:50:09,340.26,25.78,72.86,1
2021-11-17 06:50:31,390.83,25.76,73.16,1
2021-11-17 06:50:54,366.88,25.73,73.27,1
2021-11-17 06:51:16,357.76,25.73,73.25,1
2021-11-17 06:51:39,385.91,25.72,73.32,1
2021-11-17 06:52:02,357.76,25.73,73.39,1
2021-11-17 06:52:24,366.88,25.75,73.33,1
2021-11-17 06:52:47,357.76,25.77,73.26,1
2021-11-17 06:56:25,356.21,25.81,73.26,1
2021-11-17 06:56:48,408.62,25.82,73.18,1
2021-11-17 06:57:10,369.72,25.82,73.25,1
2021-11-17 06:57:33,424.35,25.83,73.15,1
2021-11-17 06:57:55,446.4,25.82,73.26,1
2021-11-17 06:58:18,440.77,25.83,73.23,1
2021-11-17 06:58:41,435.22,25.84,73.21,1
2021-11-17 06:59:03,374.35,25.85,73.25,1
2021-11-17 06:59:26,413.79,25.87,73.22,1
2021-11-17 06:59:48,435.22,25.85,73.23,1
2021-11-17 07:00:11,429.75,25.86,73.13,1
2021-11-17 07:00:34,419.03,25.87,73.1,1
2021-11-17 07:00:56,365.15,25.88,73.18,1
2021-11-17 07:01:19,379.04,25.88,73.15,1
2021-11-17 07:01:41,318.82,25.89,73.11,1
2021-11-17 07:02:04,369.72,25.89,73.08,1
2021-11-17 07:02:27,388.63,25.92,72.95,1
2021-11-17 07:02:49,334.87,25.91,73.02,1
2021-11-17 07:03:12,369.72,25.92,73.0,1
2021-11-17 07:03:35,369.72,25.92,73.03,1
2021-11-17 07:03:57,369.72,25.93,73.01,1
2021-11-17 07:04:20,369.72,25.92,73.09,1
2021-11-17 07:04:42,369.72,25.93,73.07,1
2021-11-17 07:05:05,369.72,25.93,73.05,1
2021-11-17 07:05:28,374.35,25.93,73.03,1
2021-11-17 07:05:50,369.72,25.93,73.1,1
2021-11-17 07:06:13,369.72,25.92,73.22,1
2021-11-17 07:06:36,369.72,25.93,73.13,1
2021-11-17 07:06:59,365.15,25.93,73.09,1
2021-11-17 07:07:21,322.75,25.94,73.08,1
2021-11-17 07:10:27,380.3,25.99,73.1,1
2021-11-17 07:10:50,446.45,26.0,73.04,2
2021-11-17 07:11:12,430.13,26.02,73.05,2
2021-11-17 07:11:35,435.5,26.04,73.0,2
2021-11-17 07:11:58,404.37,26.06,73.01,2
2021-11-17 07:12:20,446.45,26.08,72.94,2
2021-11-17 07:12:43,430.13,26.08,72.85,2
2021-11-17 07:13:05,424.84,26.09,72.88,2
2021-11-17 07:13:28,404.37,26.09,72.81,2
2021-11-17 07:13:51,366.61,26.1,72.8,2
2021-11-17 07:14:13,384.99,26.06,72.7,2
2021-11-17 07:14:36,389.74,26.1,72.71,2
2021-11-17 07:14:59,419.62,26.1,72.67,2
2021-11-17 07:15:44,419.62,26.11,72.66,2
2021-11-17 07:16:07,419.62,26.11,72.64,2
2021-11-17 07:16:30,424.84,26.11,72.65,2
2021-11-17 07:16:52,430.13,26.12,72.69,2
2021-11-17 07:17:15,430.13,26.13,72.7,2
2021-11-17 07:17:38,384.99,26.15,72.68,2
2021-11-17 07:18:00,440.94,26.15,72.65,2
2021-11-17 07:18:23,430.13,26.17,72.68,2
2021-11-17 07:18:46,440.94,26.19,72.64,2
2021-11-17 07:19:08,440.94,26.21,72.61,2
2021-11-17 07:19:31,452.04,26.21,72.56,2
2021-11-17 07:19:54,452.04,26.22,72.8,2
2021-11-17 07:20:16,452.04,26.22,72.62,2
2021-11-17 07:20:39,430.13,26.22,72.48,2
2021-10-11 06:42:25,349.12,27.17,69.44,1
2021-10-11 06:42:48,429.13,27.14,69.6,1
2021-10-11 06:43:10,429.13,27.13,69.74,1
2021-10-11 06:43:33,435.18,27.04,70.22,1
2021-10-11 06:43:56,389.43,27.04,70.11,1
2021-10-11 06:44:18,384.11,27.04,70.13,1
2021-10-11 06:44:41,429.13,27.01,70.28,1
2021-10-11 06:45:04,435.18,26.97,70.4,1
2021-10-11 06:45:27,435.18,26.95,70.54,1
2021-10-11 06:45:49,435.18,26.95,70.61,1
2021-10-11 06:46:12,441.32,26.93,70.63,1
2021-10-11 06:46:34,435.18,26.93,70.74,1
2021-10-11 06:46:57,435.18,26.91,70.79,1
2021-10-11 06:47:20,435.18,26.92,70.7,1
2021-10-11 06:47:42,441.32,26.9,70.78,1
2021-10-11 06:48:05,389.43,26.89,70.79,1
2021-10-11 06:48:28,447.56,26.89,70.79,1
2021-10-11 06:48:51,447.56,26.88,70.8,1
2021-10-11 06:49:13,389.43,26.88,70.82,1
2021-10-11 06:49:36,447.56,26.88,70.9,1
2021-10-11 06:49:59,453.9,26.87,70.99,1
2021-10-11 06:50:21,384.11,26.86,71.04,1
2021-10-11 06:50:44,453.9,26.86,71.11,1
2021-10-11 06:51:07,447.56,26.83,71.21,1
2021-10-11 06:51:29,441.32,26.76,71.37,1
2021-10-11 06:51:52,394.84,26.74,71.44,1
2021-10-11 06:52:15,447.56,26.74,71.46,1
2021-10-11 06:52:37,447.56,26.75,71.46,1
2021-10-11 06:53:00,453.9,26.76,71.43,1
2021-10-11 06:53:22,453.9,26.77,71.52,1
2021-10-11 06:53:45,453.9,26.78,71.5,1
2021-10-11 06:54:08,453.9,26.78,71.44,1
2021-10-11 06:54:30,453.9,26.78,71.41,1
2021-10-11 06:54:53,453.9,26.78,71.42,1
2021-10-11 06:55:16,394.84,26.77,71.52,1
2021-10-11 06:55:38,453.9,26.78,71.58,1
2021-10-11 06:56:01,453.9,26.76,71.63,1
2021-10-11 06:56:24,400.33,26.77,71.57,1
2021-10-11 06:56:47,453.9,26.78,71.56,1
2021-10-11 06:57:09,453.9,26.78,71.55,1
2021-10-11 06:57:32,453.9,26.77,71.71,1
2021-10-11 06:57:55,453.9,26.78,71.77,1
2021-10-11 06:58:17,453.9,26.79,71.75,1
2021-10-11 06:58:40,453.9,26.8,71.75,1
2021-10-11 06:59:02,453.9,26.81,71.74,1
2021-10-11 06:59:25,447.56,26.83,71.67,1
2021-10-11 06:59:48,453.9,26.83,71.7,1
2021-10-11 07:00:10,460.35,26.83,71.67,1
2021-10-11 07:00:33,453.9,26.84,71.62,1
2021-10-11 07:00:56,453.9,26.87,71.66,1
2021-10-11 07:01:18,453.9,26.92,71.6,1
2021-10-11 07:01:41,453.9,26.94,71.47,1
2021-10-11 07:02:03,460.35,26.94,71.47,1
2021-10-11 07:02:26,400.33,26.95,71.47,1
2021-10-11 07:02:49,460.35,26.97,71.39,1
2021-10-11 07:03:11,460.35,26.95,71.38,1
2021-10-11 07:03:34,460.35,26.97,71.41,1
2021-10-11 07:03:57,460.35,26.96,71.35,1
2021-10-11 07:04:19,460.35,26.95,71.37,1
2021-10-11 07:04:42,400.33,26.93,71.42,1
2021-10-11 07:05:05,460.35,26.93,71.39,1
2021-10-11 07:05:27,453.9,26.93,71.48,1
2021-10-11 07:05:50,400.33,26.93,71.5,1
2021-10-11 07:06:12,453.9,26.89,71.52,1
2021-10-11 07:06:35,453.9,26.86,71.48,1
2021-10-11 07:06:58,460.35,26.85,71.54,1
2021-10-11 07:07:20,460.35,26.86,71.63,1
2021-10-11 07:07:43,460.35,26.88,71.61,1
2021-10-11 07:08:06,400.33,26.87,71.54,1
2021-10-11 07:08:28,460.35,26.87,71.56,1
2021-10-11 07:20:58,365.5,26.81,72.23,1
2021-10-11 07:21:20,387.56,26.83,72.07,1
2021-10-11 07:21:43,387.56,26.84,72.03,1
2021-10-11 07:22:06,430.02,26.88,71.95,2
2021-10-11 07:22:28,399.17,26.89,71.87,2
2021-10-11 07:22:51,411.19,26.9,71.92,2
2021-10-11 07:23:14,405.12,26.91,71.9,2
2021-10-11 07:23:36,405.12,26.96,71.83,2
2021-10-11 07:23:59,411.19,26.97,71.74,2
2021-10-11 07:24:22,411.19,26.99,71.67,2
2021-10-11 07:24:44,399.17,26.97,71.5,2
2021-10-11 07:25:07,393.31,27.0,71.55,2
2021-10-11 07:25:30,405.12,27.03,71.53,2
2021-10-11 07:25:52,325.62,27.06,71.4,2
2021-10-11 07:26:15,365.5,27.06,71.23,2
2021-10-11 07:26:38,405.12,27.05,71.27,2
2021-10-11 07:27:00,339.95,27.06,71.31,2
2021-10-11 07:27:23,423.63,27.09,71.25,2
2021-10-11 07:27:45,436.52,27.08,71.2,2
2021-10-11 07:28:08,430.02,27.07,71.18,2
2021-10-11 07:28:31,430.02,27.1,71.23,2
2021-10-11 07:28:54,449.86,27.13,71.25,2
2021-10-11 07:29:16,430.02,27.14,71.17,2
2021-10-11 07:29:39,430.02,27.14,71.14,2
2021-10-11 07:30:01,436.52,27.15,71.19,2
2021-10-11 07:30:24,430.02,27.16,71.21,2
2021-10-11 07:30:47,430.02,27.16,71.2,2
2021-10-11 07:31:09,423.63,27.16,71.2,2
2021-10-11 07:31:32,399.17,27.16,71.22,2
2021-10-11 07:31:55,436.52,27.16,71.25,2
2021-10-11 07:32:18,411.19,27.18,71.29,2
2021-10-11 07:32:40,399.17,27.25,71.27,2
2021-10-11 07:33:03,365.5,27.27,71.2,2
2021-10-11 07:41:44,345.09,27.42,70.58,3
2021-10-11 07:42:07,392.35,27.42,70.59,3
2021-10-11 07:42:30,460.7,27.42,70.55,3
2021-10-11 07:42:52,460.7,27.42,70.53,3
2021-10-11 07:43:15,460.7,27.42,70.39,3
2021-10-11 07:43:38,421.84,27.42,70.37,3
2021-10-11 07:44:00,467.58,27.44,70.38,3
2021-10-11 07:44:23,392.35,27.46,70.23,3
2021-10-11 07:44:46,415.74,27.43,70.25,3
2021-10-11 07:45:08,460.7,27.47,70.29,3
2021-10-11 07:45:31,481.69,27.46,70.31,3
2021-10-11 07:45:53,460.7,27.46,70.3,3
2021-10-11 07:46:16,398.05,27.45,70.26,3
2021-10-11 07:46:39,460.7,27.46,70.23,3
2021-10-11 07:47:01,453.94,27.47,70.36,3
2021-10-11 07:47:24,453.94,27.48,70.36,3
2021-10-11 07:47:47,453.94,27.49,70.35,3
2021-10-11 07:48:09,447.3,27.49,69.98,3
2021-10-11 07:48:32,460.7,27.46,70.06,3
2021-10-11 07:48:55,398.05,27.45,70.16,3
2021-10-11 07:49:17,386.75,27.46,70.17,3
2021-10-11 07:49:40,392.35,27.48,70.23,3
2021-10-11 07:50:03,453.94,27.49,70.19,3
2021-10-11 07:50:25,453.94,27.5,70.19,3
2021-10-11 07:50:48,453.94,27.51,70.24,3
2021-10-11 07:51:10,453.94,27.54,70.24,3
2021-10-11 07:51:33,398.05,27.54,70.21,3
2021-10-11 07:51:56,460.7,27.55,70.19,3
2021-10-11 07:52:18,460.7,27.57,70.18,3
2021-10-11 07:52:41,460.7,27.57,69.98,3
2021-10-11 07:53:04,460.7,27.59,70.1,3
2021-10-11 07:53:27,460.7,27.6,70.1,3
2021-10-11 07:53:49,415.74,27.63,70.08,3
2021-10-11 07:54:12,467.58,27.63,70.07,3
2021-10-11 07:54:34,467.58,27.62,70.0,3
2021-10-11 07:54:57,467.58,27.62,70.02,3
2021-10-11 07:55:20,460.7,27.57,69.99,3
2021-10-11 07:55:42,467.58,27.57,70.0,3
2021-10-11 07:56:05,460.7,27.58,70.0,3
2021-10-11 07:56:28,474.57,27.55,70.06,3
2021-10-11 07:56:50,467.58,27.54,70.01,3
2021-10-11 07:57:13,467.58,27.53,70.04,3
2021-10-11 07:57:36,460.7,27.51,70.08,3
2021-10-11 07:57:58,421.84,27.52,70.15,3
2021-10-11 07:58:21,474.57,27.54,70.12,3
2021-10-11 07:58:44,421.84,27.61,70.17,3
2021-10-11 07:59:06,467.58,27.62,70.05,3
2021-10-11 07:59:29,460.7,27.62,70.04,3
2021-10-11 07:59:51,460.7,27.61,70.03,3
2021-10-11 08:00:14,467.58,27.61,70.08,3
2021-10-11 08:00:37,474.57,27.61,70.09,3
2021-10-11 08:00:59,460.7,27.58,69.84,3
2021-10-11 08:01:22,474.57,27.57,69.93,3
2021-10-11 08:01:44,474.57,27.59,69.91,3
2021-10-11 08:02:07,474.57,27.6,69.79,3
2021-10-11 08:02:30,481.69,27.61,69.9,3
2021-10-11 08:02:52,434.35,27.64,69.75,3
2021-10-11 08:03:15,481.69,27.63,69.77,3
2021-10-11 08:03:38,421.84,27.64,69.72,3
2021-10-11 08:04:00,474.57,27.62,69.46,3
2021-10-11 08:04:23,474.57,27.62,69.54,3
2021-10-11 08:04:46,415.74,27.61,69.38,3
2021-10-11 08:05:08,460.7,27.59,69.33,3
2021-10-11 08:05:31,460.7,27.57,69.38,3
2021-10-11 08:05:53,467.58,27.56,69.43,3
2021-10-11 08:06:16,415.74,27.57,69.46,3
2021-10-11 08:06:39,460.7,27.58,69.47,3
2021-10-11 08:07:01,460.7,27.6,69.52,3
2021-10-11 08:07:24,467.58,27.61,69.52,3
2021-10-11 08:07:47,415.74,27.61,69.51,3
2021-10-11 08:08:09,474.57,27.62,69.56,3
2021-10-11 08:08:32,415.74,27.63,69.6,3
2021-10-11 08:08:54,467.58,27.63,69.69,3
2021-10-11 08:09:17,460.7,27.63,69.62,3
2021-10-11 08:09:40,460.7,27.65,69.61,3
2021-10-11 08:10:02,460.7,27.64,69.59,3
2021-10-11 08:10:25,460.7,27.64,69.67,3
2021-10-11 08:10:48,460.7,27.62,69.71,3
2021-10-11 08:11:10,447.3,27.6,69.67,3
2021-10-11 08:11:33,460.7,27.6,69.53,3
2021-10-11 08:11:55,415.74,27.62,69.61,3
2021-10-11 08:12:18,415.74,27.66,69.84,3
2021-10-11 08:12:41,460.7,27.67,69.8,3
2021-10-11 08:13:03,453.94,27.67,69.68,3
2021-10-11 08:13:26,460.7,27.67,69.65,3
2021-10-11 08:13:49,460.7,27.67,69.6,3
2021-10-11 08:14:11,460.7,27.67,69.56,3
2021-10-11 08:14:34,460.7,27.67,69.54,3
2021-10-11 08:14:57,460.7,27.68,69.49,3
2021-10-11 08:15:19,460.7,27.69,69.55,3
2021-10-11 08:15:42,460.7,27.7,69.48,3
2021-10-11 08:16:04,409.75,27.69,69.51,3
2021-10-11 08:16:27,460.7,27.69,69.45,3
2021-10-11 08:16:50,460.7,27.7,69.45,3
2021-10-11 08:17:12,460.7,27.73,69.47,3
2021-10-11 08:17:35,460.7,27.73,69.49,3
2021-10-11 08:17:57,460.7,27.7,69.24,3
2021-10-11 08:18:20,409.75,27.69,69.45,3
2021-10-11 08:18:43,460.7,27.69,69.41,3
2021-10-11 08:19:05,460.7,27.7,69.57,3
2021-10-11 08:19:28,460.7,27.72,69.39,3
2021-10-11 08:19:51,398.05,27.74,69.32,3
2021-10-11 08:20:13,460.7,27.76,69.37,3
2021-10-11 08:20:36,460.7,27.78,69.36,3
2021-10-11 08:20:58,398.05,27.79,69.36,3
2021-10-11 08:21:21,398.05,27.77,69.37,3
2021-10-11 08:21:44,460.7,27.78,69.42,3
2021-10-11 08:22:06,409.75,27.79,69.36,3
2021-10-11 08:22:29,460.7,27.81,69.25,3
2021-10-11 08:22:52,460.7,27.82,69.24,3
2021-10-11 08:23:14,460.7,27.84,69.32,3
2021-10-11 08:23:37,409.75,27.85,69.25,3
2021-10-11 08:24:00,460.7,27.84,69.33,3
2021-10-11 08:24:22,453.94,27.87,69.23,3
2021-10-11 08:25:05,335.5,27.86,69.03,3
2021-10-11 08:25:27,317.23,27.87,69.06,3
2021-10-11 08:25:50,345.09,27.86,68.91,3
2021-10-11 08:26:12,350.0,27.86,68.79,3
2021-10-11 08:26:35,350.0,27.84,68.85,3
2021-10-11 08:26:58,365.23,27.86,68.96,3
2021-10-11 08:27:20,365.23,27.87,69.02,3
2021-10-11 08:27:43,365.23,27.87,68.95,3
2021-10-11 08:28:06,365.23,27.87,69.09,3
2021-10-11 08:28:29,365.23,27.87,69.07,3
2021-10-11 08:28:51,365.23,27.87,69.03,3
2021-10-11 08:29:14,340.25,27.89,69.05,3
2021-10-11 08:29:37,340.25,27.89,69.12,3
2021-10-11 08:29:59,340.25,27.9,69.1,3
2021-10-11 08:30:22,340.25,27.9,69.06,3
2021-10-11 08:30:45,340.25,27.9,69.17,3
2021-10-11 08:31:07,340.25,27.91,69.16,3
2021-10-11 08:31:30,308.52,27.9,69.2,3
2021-10-11 08:31:52,340.25,27.91,69.35,3
2021-10-11 08:32:15,340.25,27.91,69.37,3
2021-10-11 08:33:01,217.0,27.91,69.38,3
2021-10-11 08:33:23,403.85,27.91,69.31,3
2021-10-11 08:33:46,421.84,27.91,69.02,3
2021-10-11 08:34:09,434.35,27.9,69.18,3
2021-10-11 08:34:31,440.77,27.9,69.12,3
2021-10-11 08:34:54,381.23,27.9,69.06,3
2021-10-11 08:35:17,381.23,27.9,69.05,3
2021-10-11 08:35:39,434.35,27.9,68.95,3
2021-10-11 08:36:02,440.77,27.91,69.0,3
2021-10-11 08:36:24,440.77,27.91,69.01,3
2021-10-11 08:36:47,447.3,27.92,69.09,3
2021-10-11 08:37:10,447.3,27.92,69.12,3
2021-10-11 08:37:33,447.3,27.93,69.11,3
2021-10-11 08:37:55,447.3,27.92,69.11,3
2021-10-11 08:38:18,447.3,27.94,69.16,3
2021-10-11 08:38:41,453.94,27.95,69.21,3
2021-10-11 08:39:03,453.94,27.95,69.14,3
2021-10-11 08:39:26,453.94,27.95,69.15,3
2021-10-11 08:39:48,447.3,27.94,69.11,3
2021-10-11 08:40:11,398.05,27.95,69.14,3
2021-10-11 08:40:34,460.7,27.93,69.04,3
2021-10-11 08:40:56,453.94,27.92,69.06,3
2021-10-11 08:41:19,453.94,27.87,69.04,3
2021-10-11 08:41:42,453.94,27.87,69.09,3
2021-10-11 08:42:04,453.94,27.87,69.03,3
2021-10-11 08:42:27,447.3,27.84,68.79,3
2021-10-11 08:42:49,392.35,27.82,68.84,3
2021-10-11 08:43:12,447.3,27.8,68.92,3
2021-10-11 08:43:35,392.35,27.83,69.11,3
2021-10-11 08:43:57,453.94,27.85,69.04,3
2021-10-11 08:44:20,460.7,27.87,69.06,3
2021-10-11 08:44:43,460.7,27.88,69.03,3
2021-10-11 08:45:05,398.05,27.86,69.08,3
2021-10-11 08:45:28,453.94,27.87,69.09,3
2021-10-11 08:45:50,460.7,27.88,69.03,3
2021-10-11 08:46:13,467.58,27.89,69.04,3
2021-10-11 08:46:36,460.7,27.91,68.98,3
2021-10-11 08:46:58,460.7,27.91,69.06,3
2021-10-11 08:47:21,474.57,27.92,69.35,3
2021-10-11 08:47:44,460.7,27.9,68.71,3
2021-10-11 08:48:06,467.58,27.87,69.15,3
2021-10-11 08:48:29,474.57,27.87,68.99,3
2021-10-11 08:48:51,460.7,27.87,69.09,3
2021-10-11 08:49:14,467.58,27.85,68.82,3
2021-10-11 08:49:37,460.7,27.85,68.96,3
2021-10-11 08:49:59,460.7,27.86,68.88,3
2021-10-11 08:50:22,460.7,27.92,69.0,3
2021-10-11 08:50:45,460.7,27.91,68.93,3
2021-10-11 08:51:07,460.7,27.9,68.87,3
2021-10-11 08:51:30,460.7,27.88,68.74,3
2021-10-11 08:51:53,460.7,27.86,68.62,3
2021-10-11 08:52:15,453.94,27.87,68.6,3
2021-10-11 08:52:38,460.7,27.88,68.8,3
2021-10-11 08:53:00,460.7,27.91,68.77,3
2021-10-11 08:53:23,460.7,27.92,68.8,3
2021-10-11 08:53:46,467.58,27.91,68.75,3
2021-10-11 08:54:08,460.7,27.93,68.72,3
2021-10-11 08:54:31,474.57,27.94,68.81,3
2021-10-11 08:54:54,403.85,27.93,68.17,3
2021-10-11 08:55:16,460.7,27.93,68.18,3
2021-10-11 08:55:39,460.7,27.91,68.11,3
2021-10-11 08:56:02,460.7,27.89,68.13,3
2021-10-11 08:56:24,415.74,27.89,68.3,3
2021-10-11 08:56:47,460.7,27.89,68.23,3
2021-10-11 08:57:09,460.7,27.9,68.42,3
2021-10-11 08:57:32,467.58,27.91,68.47,3
2021-10-11 08:57:55,460.7,27.92,68.46,3
2021-10-11 08:58:18,460.7,27.94,68.64,3
2021-10-11 08:58:40,460.7,27.94,68.59,3
2021-10-11 08:59:03,447.3,27.95,68.6,3
2021-10-11 08:59:26,440.77,27.96,68.47,3
2021-10-11 08:59:48,434.35,27.98,68.55,3
2021-10-11 09:00:11,421.84,27.99,68.5,2
2021-10-11 09:00:34,421.84,28.0,68.32,2
2021-10-11 09:00:56,421.84,28.04,68.34,2
2021-10-11 09:01:19,421.84,28.05,68.41,2
2021-10-11 09:01:42,375.81,28.04,68.47,2
2021-10-11 09:02:04,421.84,28.05,68.53,2
2021-10-11 09:02:27,421.84,28.05,68.5,2
2021-10-11 09:02:50,421.84,28.06,68.51,2
2021-10-11 09:03:12,375.81,28.06,68.38,2
2021-10-11 09:03:35,375.81,28.07,68.01,2
2021-10-11 09:03:57,375.81,28.06,68.27,2
2021-10-11 09:04:20,421.84,28.07,67.92,2
2021-10-11 09:04:43,375.81,28.07,68.09,2
2021-10-11 09:05:05,421.84,28.08,68.18,2
2021-10-11 09:05:28,370.48,28.08,67.98,2
2021-10-11 09:05:51,415.74,28.09,68.07,2
2021-10-11 09:06:13,415.74,28.09,68.0,2
2021-10-11 09:06:36,398.05,28.08,68.06,2
2021-10-11 09:06:59,415.74,28.09,68.11,2
2021-10-11 09:07:21,375.81,28.11,68.22,2
2021-10-11 09:07:44,354.99,28.12,68.24,2
2021-10-11 09:08:07,415.74,28.12,68.2,2
2021-10-11 09:08:29,409.75,28.13,68.23,2
2021-10-11 09:08:52,409.75,28.15,68.05,2
2021-10-11 09:09:15,398.05,28.13,68.0,2
2021-10-11 09:09:38,398.05,28.11,67.84,2
2021-10-11 09:10:00,392.35,28.08,67.65,2
2021-10-11 09:10:23,392.35,28.08,67.61,2
2021-10-11 09:10:46,392.35,28.08,67.59,2
2021-10-11 09:11:08,392.35,28.08,67.45,2
2021-10-11 09:11:31,398.05,28.09,67.72,2
2021-10-11 09:11:54,403.85,28.12,67.82,2
2021-10-11 09:12:16,398.05,28.14,67.83,2
2021-10-11 09:12:39,398.05,28.15,67.72,2
2021-10-11 09:13:02,409.75,28.17,67.72,2
2021-10-11 09:13:48,403.85,28.19,67.75,2
2021-10-11 09:14:11,398.05,28.2,67.65,2
2021-10-11 09:14:34,409.75,28.21,67.6,2
2021-10-11 09:14:56,415.74,28.21,67.62,2
2021-10-11 09:15:19,409.75,28.21,67.47,2
2021-10-11 09:15:42,409.75,28.22,67.49,2
2021-10-11 09:16:05,415.74,28.22,67.52,2
2021-10-11 09:16:27,403.85,28.24,67.53,2
2021-10-11 09:16:50,403.85,28.23,67.23,2
2021-10-11 09:17:13,415.74,28.22,67.33,2
2021-10-11 09:17:35,409.75,28.22,67.29,2
2021-10-11 09:17:58,415.74,28.22,67.37,2
2021-10-11 09:18:21,415.74,28.23,67.38,2
2021-10-11 09:18:43,415.74,28.22,67.33,2
2021-10-11 09:19:06,421.84,28.22,67.14,2
2021-10-11 09:19:28,409.75,28.23,67.32,2
2021-10-11 09:19:51,415.74,28.23,67.42,2
2021-10-11 09:20:14,415.74,28.23,67.49,2
2021-10-11 09:20:36,370.48,28.23,67.43,2
2021-10-11 09:20:59,415.74,28.25,67.41,2
2021-10-11 09:21:22,375.81,28.22,67.74,2
2021-10-11 09:21:44,415.74,28.24,67.54,2
2021-10-11 09:22:07,421.84,28.24,67.58,2
2021-10-11 09:22:30,415.74,28.27,67.67,2
2021-10-11 09:22:52,421.84,28.29,67.65,2
2021-10-11 09:23:15,375.81,28.3,67.66,2
2021-10-11 09:23:38,415.74,28.31,67.58,2
2021-10-11 09:24:00,415.74,28.31,67.58,2
2021-10-11 09:24:23,421.84,28.3,67.49,2
2021-10-11 09:24:46,415.74,28.31,67.68,2
2021-10-11 09:25:09,415.74,28.32,67.6,2
2021-10-11 09:25:31,421.84,28.31,67.62,2
2021-10-11 09:25:54,375.81,28.31,67.61,2
2021-10-11 09:26:16,421.84,28.3,67.59,2
2021-10-11 09:26:39,421.84,28.3,67.6,2
2021-10-11 09:27:02,421.84,28.26,67.79,2
2021-10-11 09:27:24,421.84,28.28,67.96,2
2021-10-11 09:27:47,421.84,28.27,67.87,2
2021-10-11 09:28:10,421.84,28.27,67.76,2
2021-10-11 09:28:32,375.81,28.28,67.81,2
2021-10-11 09:28:55,345.09,28.3,67.87,2
2021-10-11 09:29:17,392.35,28.29,67.79,2
2021-10-11 09:29:40,392.35,28.3,67.66,2
2021-10-11 09:30:03,392.35,28.29,67.5,2
2021-10-11 09:30:26,398.05,28.3,67.55,2
2021-10-11 09:30:48,350.0,28.31,67.6,2
2021-10-11 09:31:11,398.05,28.31,67.66,3
2021-10-11 09:36:28,351.38,28.39,67.69,3
2021-10-11 09:36:51,410.93,28.43,67.59,3
2021-10-11 09:37:13,416.9,28.42,67.38,3
2021-10-11 09:37:36,416.9,28.42,67.32,3
2021-10-11 09:37:59,416.9,28.43,67.42,3
2021-10-11 09:38:21,416.9,28.42,67.44,3
2021-10-11 09:38:44,416.9,28.42,67.52,3
2021-10-11 09:39:07,410.93,28.43,67.44,3
2021-10-11 09:39:29,416.9,28.43,67.45,3
2021-10-11 09:39:52,382.52,28.44,67.52,3
2021-10-11 09:40:15,416.9,28.43,67.45,3
2021-10-11 09:40:37,416.9,28.44,67.44,3
2021-10-11 09:41:00,416.9,28.44,67.45,3
2021-10-11 09:41:22,405.05,28.44,67.5,3
2021-10-11 09:41:45,410.93,28.44,67.35,3
2021-10-11 09:42:08,405.05,28.43,67.16,3
2021-10-11 09:42:31,410.93,28.44,67.32,3
2021-10-11 09:42:53,416.9,28.45,67.3,3
2021-10-11 09:43:16,410.93,28.48,67.33,3
2021-10-11 09:43:39,410.93,28.48,67.35,3
2021-10-11 09:44:01,410.93,28.47,67.45,3
2021-10-11 09:44:24,410.93,28.49,67.45,3
2021-10-11 09:44:46,416.9,28.48,67.31,3
2021-10-11 09:45:09,416.9,28.48,67.31,3
2021-10-11 09:45:32,366.57,28.48,67.17,3
2021-10-11 09:45:55,410.93,28.49,67.24,3
2021-10-11 09:46:17,366.57,28.48,67.27,3
2021-10-11 09:46:40,410.93,28.49,67.27,3
2021-10-11 09:47:03,405.05,28.5,67.32,3
2021-10-11 09:47:25,405.05,28.51,67.35,3
2021-10-11 09:47:48,410.93,28.51,67.3,3
2021-10-11 09:48:10,410.93,28.49,67.36,3
2021-10-11 09:48:33,410.93,28.52,67.45,3
2021-10-11 09:48:56,410.93,28.52,67.39,3
2021-10-11 09:49:18,361.42,28.5,67.38,3
2021-10-11 09:49:41,410.93,28.49,67.47,3
2021-10-11 09:50:04,410.93,28.47,67.46,3
2021-10-11 09:50:26,361.42,28.44,67.51,3
2021-10-11 09:50:49,410.93,28.44,67.55,3
2021-10-11 09:51:12,361.42,28.44,67.6,3
2021-10-11 09:51:34,361.42,28.46,67.72,3
2021-10-11 09:51:57,405.05,28.47,67.71,3
2021-10-11 09:52:20,361.42,28.49,67.67,3
2021-10-11 09:52:42,410.93,28.5,67.72,3
2021-10-11 09:53:05,366.57,28.5,67.88,3
2021-10-11 09:53:28,410.93,28.5,67.88,3
2021-10-11 09:53:50,366.57,28.49,67.99,3
2021-10-11 09:54:13,399.28,28.5,67.91,3
2021-10-11 09:54:35,405.05,28.48,67.89,3
2021-10-11 09:54:58,405.05,28.48,67.9,3
2021-10-11 09:55:21,361.42,28.51,67.75,3
2021-10-11 09:55:43,405.05,28.53,67.77,3
2021-10-11 09:56:06,405.05,28.54,67.74,3
2021-10-11 09:56:29,405.05,28.52,67.65,3
2021-10-11 09:56:51,405.05,28.51,67.55,3
2021-10-11 09:57:14,399.28,28.5,67.29,3
2021-10-11 09:57:37,405.05,28.49,67.36,3
2021-10-11 09:58:00,399.28,28.48,67.46,3
2021-10-11 09:58:22,351.38,28.47,67.42,3
2021-10-11 09:58:45,399.28,28.48,67.48,3
2021-10-11 09:59:07,356.36,28.47,67.39,2
2021-10-11 09:59:30,399.28,28.46,67.49,2
2021-10-11 09:59:53,393.6,28.47,67.53,2
2021-10-11 10:00:15,393.6,28.47,67.57,2
2021-10-11 10:00:38,399.28,28.48,67.65,2
2021-10-11 10:01:01,399.28,28.49,67.52,2
2021-10-11 10:01:23,399.28,28.48,67.55,2
2021-10-11 10:01:46,399.28,28.49,67.71,2
2021-10-11 10:02:08,393.6,28.5,67.64,2
2021-10-11 10:02:31,399.28,28.49,67.72,2
2021-10-11 10:02:54,405.05,28.51,67.78,2
2021-10-11 10:03:16,399.28,28.52,67.76,2
2021-10-11 10:03:39,399.28,28.52,67.69,2
2021-10-11 10:04:02,399.28,28.52,67.79,2
2021-10-11 10:04:24,356.36,28.52,67.7,2
2021-10-11 10:04:47,399.28,28.52,67.84,2
2021-10-11 10:05:10,393.6,28.53,67.69,2
2021-10-11 10:05:32,393.6,28.53,67.62,2
2021-10-11 10:05:55,351.38,28.54,67.43,2
2021-10-11 10:06:18,393.6,28.53,67.46,2
2021-10-11 10:06:41,351.38,28.55,67.53,2
2021-10-11 10:07:03,388.01,28.55,67.3,2
2021-10-11 10:07:26,388.01,28.56,67.64,1
2021-10-11 10:07:49,366.57,28.56,67.32,1
2021-10-11 10:08:11,366.57,28.56,66.8,1
2021-10-11 10:08:34,366.57,28.55,67.1,1
2021-10-11 10:08:57,366.57,28.54,67.24,1
2021-10-11 10:09:20,366.57,28.56,67.46,1
2021-10-11 10:09:43,366.57,28.6,67.32,1
2021-10-11 10:10:05,366.57,28.61,66.91,1
2021-10-11 10:10:28,332.24,28.61,66.9,1
2021-10-11 10:10:50,366.57,28.62,66.88,1
2021-10-11 10:11:13,366.57,28.65,66.82,3
2021-10-11 10:11:36,366.57,28.65,66.92,3
2021-10-11 10:11:58,332.24,28.66,67.01,3
2021-10-11 10:12:21,366.57,28.68,66.94,3
2021-10-11 10:12:44,323.13,28.69,66.9,3
2021-10-11 10:13:07,361.42,28.69,66.7,3
2021-10-11 10:13:29,361.42,28.7,66.66,3
2021-10-11 10:13:52,314.3,28.72,66.49,3
2021-10-11 10:14:14,361.42,28.71,66.37,3
2021-10-11 10:14:37,361.42,28.71,66.36,3
2021-10-11 10:15:00,361.42,28.7,66.5,3
2021-10-11 10:15:22,356.36,28.69,66.67,3
2021-10-11 10:15:45,361.42,28.69,66.36,3
2021-10-11 10:16:08,356.36,28.69,66.21,3
2021-10-11 10:16:30,361.42,28.68,66.31,3
2021-10-11 10:16:53,356.36,28.68,66.12,3
2021-10-11 10:17:16,309.99,28.68,66.29,3
2021-10-11 10:17:38,351.38,28.67,66.03,3
2021-10-11 10:18:01,356.36,28.69,65.93,3
2021-10-11 10:18:23,361.42,28.7,66.16,3
2021-10-11 10:21:38,339.16,28.7,66.81,2
2021-10-11 10:22:01,339.16,28.75,66.72,2
2021-10-11 10:22:24,394.45,28.74,66.14,2
2021-10-11 10:22:46,383.67,28.72,66.41,2
2021-10-11 10:23:09,378.4,28.73,66.32,2
2021-10-11 10:23:32,325.65,28.74,66.05,2
2021-10-11 10:23:54,373.22,28.71,66.39,2
2021-10-11 10:24:17,363.11,28.7,66.29,2
2021-10-11 10:24:40,363.11,28.71,66.32,2
2021-10-11 10:25:02,378.4,28.69,65.73,2
2021-10-11 10:25:25,480.47,28.67,65.82,2
2021-10-11 10:25:48,435.01,28.66,65.79,2
2021-10-11 10:26:10,487.41,28.65,65.72,2
2021-10-11 10:26:33,494.45,28.63,65.71,2
2021-10-11 10:26:56,501.62,28.63,65.79,2
2021-10-11 10:27:18,494.45,28.62,65.84,2
2021-10-11 10:29:38,346.48,28.67,65.97,2
2021-10-11 10:30:01,416.9,28.66,65.89,1
2021-10-11 10:30:23,416.9,28.65,65.78,1
2021-10-11 10:30:46,422.97,28.64,65.9,1
2021-10-11 10:31:09,435.42,28.63,65.99,1
2021-10-11 10:31:31,388.01,28.63,66.08,1
2021-10-11 10:31:54,416.9,28.64,66.11,1
2021-10-11 10:32:17,416.9,28.64,66.05,1
2021-10-11 10:32:39,382.52,28.64,66.12,1
2021-10-11 10:33:02,366.57,28.65,66.1,1
2021-10-11 10:33:25,361.42,28.64,66.21,1
2021-10-11 10:33:48,405.05,28.65,66.24,1
2021-10-11 10:34:10,416.9,28.66,66.21,1
2021-10-11 10:34:33,361.42,28.67,66.19,1
2021-10-11 10:34:56,393.6,28.66,66.09,1
2021-10-11 10:35:18,393.6,28.65,66.21,1
2021-10-11 10:35:41,393.6,28.66,66.01,1
2021-10-11 10:36:04,393.6,28.66,66.14,1
2021-10-11 10:36:27,351.38,28.66,66.26,1
2021-10-11 10:36:49,393.6,28.67,66.16,1
2021-10-11 10:37:12,393.6,28.66,66.16,1
2021-10-11 10:37:34,393.6,28.67,66.19,1
2021-10-11 10:37:57,393.6,28.68,66.28,1
2021-10-11 10:38:20,393.6,28.69,66.2,1
2021-10-11 10:38:43,388.01,28.69,66.14,1
2021-10-11 10:39:05,336.91,28.71,66.03,1
2021-10-11 10:39:28,388.01,28.73,65.96,1
2021-10-11 10:39:51,388.01,28.73,66.05,1
2021-10-11 10:40:13,388.01,28.74,66.03,1
2021-10-11 10:40:36,346.48,28.73,66.0,1
2021-11-29 06:58:12,364.34,25.76,65.6,1
2021-11-29 06:58:35,415.37,25.74,65.64,1
2021-11-29 06:58:58,386.65,25.72,65.79,1
2021-11-29 06:59:20,420.38,25.72,65.79,1
2021-11-29 06:59:43,386.65,25.72,65.83,1
2021-11-29 07:00:05,420.38,25.74,66.02,1
2021-11-29 07:00:28,420.38,25.73,66.11,1
2021-11-29 07:00:51,386.65,25.74,66.0,1
2021-11-29 07:01:13,430.59,25.77,66.0,1
2021-11-29 07:01:36,430.59,25.8,66.04,1
2021-11-29 07:01:59,430.59,25.82,65.96,1
2021-11-29 07:02:21,391.28,25.84,65.87,2
2021-11-29 07:02:44,391.28,25.88,65.84,2
2021-11-29 07:03:06,391.28,25.89,65.78,2
2021-11-29 07:03:29,391.28,25.9,65.75,2
2021-11-29 07:03:52,430.59,25.92,65.73,2
2021-11-29 07:04:14,391.28,25.92,65.76,2
2021-11-29 07:04:37,430.59,25.92,65.72,2
2021-11-29 07:05:00,391.28,25.92,65.72,2
2021-11-29 07:05:22,435.8,25.98,65.7,2
2021-11-29 07:05:45,430.59,26.0,65.69,2
2021-11-29 07:06:07,395.98,26.04,65.69,1
2021-11-29 07:06:30,435.8,26.05,65.57,1
2021-11-29 07:06:53,430.59,26.07,65.59,1
2021-11-29 07:07:15,435.8,26.09,65.5,1
2021-11-29 07:07:38,395.98,26.07,65.41,1
2021-11-29 07:08:01,441.08,26.09,65.37,1
2021-11-29 07:08:23,441.08,26.06,65.41,1
2021-11-29 07:08:46,446.42,26.08,65.47,1
2021-11-29 07:09:08,395.98,26.06,65.37,1
2021-11-29 07:09:31,441.08,26.04,65.44,1
2021-11-29 07:09:54,400.73,26.02,65.47,1
2021-11-29 07:10:16,435.8,26.02,65.45,1
2021-11-29 07:10:39,430.59,26.02,65.53,1
2021-11-29 07:11:02,435.8,26.02,65.5,1
2021-11-29 07:11:24,435.8,26.01,65.53,1
2021-11-29 07:11:47,435.8,25.99,65.66,1
2021-11-29 07:12:10,435.8,25.99,65.67,1
2021-11-29 07:12:32,395.98,26.01,65.66,1
2021-11-29 07:12:55,435.8,26.01,65.69,1
2021-11-29 07:13:18,391.28,26.04,65.67,1
2021-11-29 07:13:41,420.38,26.04,65.64,1
2021-11-29 07:14:03,435.8,26.04,65.59,1
2021-11-29 07:14:26,441.08,26.07,65.55,1
2021-11-29 07:14:49,435.8,26.09,65.53,1
2021-11-29 07:15:11,435.8,26.08,65.6,2
2021-11-29 07:15:34,435.8,26.15,65.62,2
2021-11-29 07:15:57,391.28,26.16,65.52,2
2021-11-29 07:16:19,446.42,26.16,65.49,2
2021-11-29 07:16:42,446.42,26.16,65.47,2
2021-11-29 07:17:05,451.84,26.16,65.5,2
2021-11-29 07:17:27,451.84,26.16,65.48,2
2021-11-29 07:17:50,451.84,26.18,65.46,2
2021-11-29 07:18:13,451.84,26.18,65.47,2
2021-11-29 07:18:35,451.84,26.19,65.49,2
2021-11-29 07:18:58,462.88,26.19,65.47,2
2021-11-29 07:19:21,457.32,26.2,65.46,2
2021-11-29 07:19:43,457.32,26.22,65.49,2
2021-11-29 07:20:06,457.32,26.25,65.49,2
2021-11-29 07:20:29,462.88,26.26,65.48,2
2021-11-29 07:20:51,462.88,26.28,65.47,2
2021-11-29 07:21:14,415.37,26.3,65.45,2
2021-11-29 07:21:36,462.88,26.3,65.48,2
2021-11-29 07:21:59,415.37,26.31,65.46,2
2021-11-29 07:22:22,420.38,26.34,65.52,3
2021-11-29 07:22:45,462.88,26.34,65.71,3
2021-11-29 07:23:07,462.88,26.37,65.61,3
2021-11-29 07:23:30,462.88,26.36,65.73,3
2021-11-29 07:23:53,462.88,26.36,65.69,3
2021-11-29 07:24:15,462.88,26.36,65.6,3
2021-11-29 07:24:38,391.28,26.36,65.58,3
2021-11-29 07:25:00,457.32,26.37,65.69,2
2021-11-29 07:25:23,420.38,26.39,65.62,2
2021-11-29 07:25:46,446.42,26.38,65.54,2
2021-11-29 07:26:08,395.98,26.4,65.56,2
2021-11-29 07:26:31,451.84,26.43,65.59,2
2021-11-29 07:26:54,415.37,26.43,65.59,2
2021-11-29 07:27:16,451.84,26.46,65.55,2
2021-11-29 07:27:39,451.84,26.46,65.45,2
2021-11-29 07:28:02,446.42,26.49,65.46,2
2021-11-29 07:28:24,446.42,26.47,65.61,2
2021-11-29 07:28:47,457.32,26.47,65.56,2
2021-11-29 07:29:09,457.32,26.47,65.53,2
2021-11-29 07:29:32,415.37,26.48,65.49,2
2021-11-29 07:29:55,457.32,26.48,65.54,2
2021-11-29 07:30:45,457.32,26.5,65.54,3
2021-11-29 07:31:08,451.84,26.5,65.57,3
2021-11-29 07:31:31,400.73,26.49,65.39,3
2021-11-29 07:31:54,446.42,26.48,65.45,3
2021-11-29 07:32:16,410.43,26.48,65.54,3
2021-11-29 07:32:42,451.84,26.49,65.83,3
2021-11-29 07:33:05,441.08,26.51,65.63,3
2021-11-29 07:33:28,451.84,26.5,65.78,3
2021-11-29 07:33:50,457.32,26.51,65.67,3
2021-11-29 07:34:13,457.32,26.54,65.62,3
2021-11-29 07:34:35,441.08,26.55,65.53,3
2021-11-29 07:34:58,451.84,26.56,65.5,3
2021-11-29 07:35:21,400.73,26.59,65.41,3
2021-11-29 07:35:43,415.37,26.57,65.39,3
2021-11-29 07:36:06,451.84,26.57,65.4,3
2021-11-29 07:36:29,410.43,26.54,65.82,3
2021-11-29 07:36:51,457.32,26.53,65.99,3
2021-11-29 07:37:14,462.88,26.56,65.95,3
2021-11-29 07:37:37,548.97,26.58,66.22,3
2021-11-29 07:37:59,652.96,26.6,66.39,3
2021-11-29 07:38:45,420.38,26.69,66.03,3
2021-11-29 07:39:08,415.37,26.73,65.71,3
2021-11-29 07:39:30,410.43,26.74,65.57,3
2021-11-29 07:39:53,395.98,26.74,65.53,3
2021-11-29 07:40:16,420.38,26.76,65.57,3
2021-11-29 07:40:38,430.59,26.77,65.49,3
2021-11-29 07:41:01,420.38,26.78,65.45,3
2021-11-29 07:41:24,430.59,26.78,65.56,3
2021-11-29 07:41:46,430.59,26.78,65.03,3
2021-11-29 07:42:09,474.22,26.81,65.0,3
2021-11-29 07:42:31,480.01,26.8,65.06,3
2021-11-29 07:42:54,474.22,26.81,64.83,3
2021-11-29 07:43:17,485.87,26.82,64.95,3
2021-11-29 07:43:39,485.87,26.82,64.94,3
2021-11-29 07:44:02,497.83,26.83,65.02,3
2021-11-29 07:44:25,497.83,26.84,64.92,3
2021-11-29 07:44:47,497.83,26.85,64.93,3
2021-11-29 07:45:10,462.88,26.86,65.09,3
2021-11-29 07:45:33,497.83,26.87,65.0,3
2021-11-29 07:45:55,462.88,26.88,64.82,3
2021-11-29 07:46:18,503.92,26.89,64.8,3
2021-11-29 07:46:41,468.52,26.9,64.91,3
2021-11-29 07:47:03,522.71,26.91,65.02,3
2021-11-29 07:47:26,516.37,26.92,65.01,3
2021-11-29 07:47:49,522.71,26.93,64.91,3
2021-11-29 07:48:11,522.71,26.93,64.84,3
2021-11-29 07:48:34,474.22,26.95,64.85,3
2021-11-29 07:48:57,529.15,26.97,64.96,3
2021-11-29 07:49:19,529.15,26.97,64.92,3
2021-11-29 07:49:42,529.15,26.99,64.98,3
2021-11-29 07:50:05,529.15,27.0,65.0,3
2021-11-29 07:50:27,529.15,27.02,64.93,3
2021-11-29 07:50:50,535.67,27.04,65.21,3
2021-11-29 07:51:13,529.15,27.05,64.83,3
2021-11-29 07:51:35,535.67,27.05,64.97,3
2021-11-29 07:51:58,535.67,27.07,65.03,3
2021-11-29 07:52:20,535.67,27.09,65.0,3
2021-11-29 07:52:43,535.67,27.09,64.73,3
2021-11-29 07:53:06,535.67,27.09,64.91,3
2021-11-29 07:53:28,542.28,27.09,65.1,3
2021-11-29 07:53:51,535.67,27.1,64.77,3
2021-11-29 07:54:14,535.67,27.12,64.65,3
2021-11-29 07:54:36,485.87,27.12,64.69,3
2021-11-29 07:54:59,535.67,27.13,64.5,3
2021-11-29 07:55:21,529.15,27.13,64.47,3
2021-11-29 07:55:44,529.15,27.12,64.16,3
2021-11-29 07:56:07,485.87,27.14,64.54,3
2021-11-29 07:56:29,535.67,27.14,64.48,3
2021-11-29 07:56:52,529.15,27.15,64.36,3
2021-11-29 07:57:15,522.71,27.15,64.35,3
2021-11-29 07:57:37,474.22,27.15,64.38,3
2021-11-29 07:58:00,522.71,27.16,64.4,3
2021-11-29 07:58:23,529.15,27.16,64.48,3
2021-11-29 07:58:45,485.87,27.18,64.43,3
2021-11-29 07:59:08,529.15,27.19,64.46,3
2021-11-29 07:59:31,529.15,27.2,64.44,3
2021-11-29 07:59:53,480.01,27.2,64.37,3
2021-11-29 08:00:16,522.71,27.22,64.15,3
2021-11-29 08:00:38,474.22,27.23,64.21,3
2021-11-29 08:01:01,522.71,27.22,64.02,3
2021-11-29 08:01:24,474.22,27.22,64.12,3
2021-11-29 08:01:46,516.37,27.22,64.02,3
2021-11-29 08:02:09,516.37,27.23,63.95,3
2021-11-29 08:02:32,522.71,27.24,64.05,3
2021-11-29 08:02:54,468.52,27.23,63.8,3
2021-11-29 08:03:17,522.71,27.23,63.93,3
2021-11-29 08:03:39,522.71,27.26,64.04,3
2021-11-29 08:04:02,400.73,27.3,64.5,3
2021-11-29 08:04:25,441.08,27.29,64.16,3
2021-11-29 08:04:48,415.37,27.3,64.12,3
2021-11-29 08:05:10,420.38,27.29,63.89,3
2021-11-29 08:05:33,468.52,27.28,64.06,3
2021-11-29 08:05:55,468.52,27.28,64.17,3
2021-11-29 08:06:18,462.88,27.28,63.95,3
2021-11-29 08:06:41,457.32,27.29,64.26,3
2021-11-29 08:07:04,430.59,27.29,64.35,3
2021-11-29 08:07:26,430.59,27.29,64.18,3
2021-11-29 08:07:49,451.84,27.3,63.98,3
2021-11-29 08:08:12,420.38,27.3,64.09,3
2021-11-29 08:08:34,468.52,27.31,64.23,3
2021-11-29 08:08:57,430.59,27.31,64.13,3
2021-11-29 08:09:19,474.22,27.3,64.64,3
2021-11-29 08:09:42,351.63,27.32,64.41,3
2021-11-29 08:10:05,400.73,27.33,64.13,3
2021-11-29 08:10:28,386.65,27.35,64.21,3
2021-11-29 08:10:50,430.59,27.35,64.12,3
2021-11-29 08:11:13,441.08,27.35,64.17,3
2021-11-29 08:11:36,410.43,27.37,64.05,3
2021-11-29 08:11:58,430.59,27.39,63.95,3
