datetime,ppm,temp,rh,ppm_std,ppm_kurt,temp_std,temp_kurt,rh_std,rh_kurt,class
2021-11-08 08:00:00,354.16999999999996,27.175,69.565,85.14979859048408,0.0,0.0070710678118640685,0.0,0.09192388155424797,0.0,3.0
2021-11-08 08:01:00,392.40333333333336,27.133333333333336,70.30666666666667,50.95302378989235,0.0,0.011547005383791756,0.0,0.22300971578237236,0.0,3.0
2021-11-08 08:02:00,397.50666666666666,27.11,70.17,35.53370418818354,0.0,0.017320508075688915,0.0,0.2364318083507392,0.0,3.0
2021-11-08 08:03:00,421.46,27.09,69.995,0.0,0.0,0.0,0.0,0.02121320343559723,0.0,3.0
2021-11-08 08:04:00,407.24,27.093333333333334,70.34666666666668,45.16147473234237,0.0,0.005773502691896135,0.0,0.1527525231651945,0.0,3.0
2021-11-08 08:05:00,385.10999999999996,27.100000000000005,70.38,44.21452589364722,0.0,0.0,0.0,0.05196152422706829,0.0,3.0
2021-11-08 08:06:00,403.09000000000003,27.115000000000002,70.43,57.261507140486614,0.0,0.007071067811867836,0.0,0.028284271247471345,0.0,3.0
2021-11-08 08:07:00,433.5933333333333,27.103333333333335,70.43666666666667,4.255071483927553,0.0,0.0057735026918953655,0.0,0.18556220879621885,0.0,3.0
2021-11-08 08:08:00,414.3866666666666,27.093333333333334,70.61,48.63729570333174,0.0,0.005773502691896135,0.0,0.18027756377320597,0.0,3.0
2021-11-08 08:09:00,403.09000000000003,27.1,70.64500000000001,57.261507140486614,0.0,0.0,0.0,0.049497474683058526,0.0,3.0
2021-11-08 08:10:00,441.07,27.100000000000005,70.72,4.3474475269978665,0.0,0.0,0.0,0.13076696830622517,0.0,3.0
2021-11-08 08:11:00,428.68,27.11,70.78,0.0,0.0,0.0,0.0,0.014142135623738184,0.0,3.0
2021-11-08 08:12:00,414.07666666666665,27.106666666666666,70.73666666666666,44.73880455860807,0.0,0.005773502691894596,0.0,0.06429100507329237,0.0,3.0
2021-11-08 08:13:00,448.75333333333333,27.113333333333333,71.11333333333333,8.960476177823006,0.0,0.00577350269189716,0.0,0.08504900548115167,0.0,3.0
2021-11-08 08:14:00,443.58,27.12,70.94,0.0,0.0,0.0,0.0,0.028284271247456274,0.0,3.0
2021-11-08 08:15:00,428.37999999999994,27.11666666666667,71.08333333333333,46.58418615796569,0.0,0.0057735026918976735,0.0,0.03785938897200211,0.0,3.0
2021-11-08 08:16:00,434.0933333333333,27.136666666666667,71.02,23.39969515470943,0.0,0.005773502691898185,0.0,0.14000000000000057,0.0,3.0
2021-11-08 08:17:00,392.03,27.14,70.89,41.620305140640134,0.0,0.0,0.0,0.028284271247456274,0.0,3.0
2021-11-08 08:18:00,441.17333333333335,27.149999999999995,71.06333333333333,11.480772331743758,0.0,0.0,0.0,0.25929391302792854,0.0,3.0
2021-11-08 08:19:00,446.14000000000004,27.163333333333338,71.07666666666665,4.4340500673763295,0.0,0.00577350269189716,0.0,0.04932882862315746,0.0,3.0
2021-11-08 08:20:00,451.26,27.145,71.565,0.0,0.0,0.0070710678118640685,0.0,0.007071067811859044,0.0,3.0
2021-11-08 08:21:00,400.2733333333333,27.153333333333336,71.41666666666667,44.15574858762259,0.0,0.015275252316520788,0.0,0.07371114795831804,0.0,3.0
2021-11-08 08:22:00,451.26,27.18,71.48,0.0,0.0,0.0,0.0,0.0,0.0,3.0
2021-11-08 08:23:00,391.11,27.18,71.295,23.09410747355264,0.0,0.0,0.0,0.007071067811859044,0.0,3.0
2021-11-08 08:24:00,400.95666666666665,27.189999999999998,71.46,17.58543241815033,0.0,0.02645751311064417,0.0,0.16000000000000014,0.0,3.0
2021-11-08 08:25:00,389.46000000000004,27.223333333333333,71.26666666666667,43.16270612461642,0.0,0.005773502691896647,0.0,0.046188021535174206,0.0,3.0
2021-11-08 08:26:00,417.91999999999996,27.215,71.33500000000001,5.006316010800725,0.0,0.0070710678118640685,0.0,0.13435028842544744,0.0,3.0
2021-11-08 08:27:00,362.75666666666666,27.223333333333333,71.3,11.94577052070452,0.0,0.00577350269189716,0.0,0.036055512754644546,0.0,3.0
2021-11-08 08:28:00,362.6,27.215,71.535,0.0,0.0,0.0070710678118640685,0.0,0.12020815280171931,0.0,3.0
2021-11-08 08:29:00,376.86999999999995,27.223333333333333,72.02666666666666,3.619986187818976,0.0,0.020816659994661167,0.0,0.17953644012660694,0.0,3.0
2021-11-08 08:30:00,387.45,27.25666666666667,71.67666666666668,0.0,0.0,0.005773502691896135,0.0,0.12013880860626856,0.0,3.0
2021-11-08 08:31:00,363.53499999999997,27.259999999999998,71.705,33.820917344152534,0.0,0.014142135623731905,0.0,0.20506096654409317,0.0,3.0
2021-11-08 08:32:00,368.07,27.266666666666666,71.54,36.40181726232908,0.0,0.005773502691894596,0.0,0.059999999999991616,0.0,3.0
2021-11-08 08:33:00,378.34999999999997,27.25666666666667,71.61666666666667,37.4530626251045,0.0,0.0057735026918976735,0.0,0.030550504633040994,0.0,3.0
2021-11-08 08:34:00,384.25,27.244999999999997,71.615,4.525483399593888,0.0,0.007071067811865324,0.0,0.02121320343559723,0.0,3.0
2021-11-08 08:35:00,400.77666666666664,27.27,71.62333333333333,11.541231881100629,0.0,0.0,0.0,0.041633319989322334,0.0,3.0
2021-11-08 08:36:00,414.37999999999994,27.27,71.60666666666667,0.0,0.0,0.0,0.0,0.005773502691905364,0.0,3.0
2021-11-08 08:37:00,399.32500000000005,27.29,71.765,51.93699307815193,0.0,0.014142135623731905,0.0,0.21920310216783134,0.0,3.0
2021-11-08 08:38:00,370.3766666666667,27.3,71.85666666666667,40.6764137226149,0.0,0.009999999999998455,0.0,0.20231987873991653,0.0,3.0
2021-11-08 08:39:00,446.19,27.313333333333333,71.64,8.781497594374189,0.0,0.00577350269189716,0.0,0.0781024967590692,0.0,3.0
2021-11-08 08:40:00,459.1,27.314999999999998,71.65,0.0,0.0,0.007071067811867836,0.0,0.08485281374237384,0.0,3.0
2021-11-08 08:41:00,415.66,27.320000000000004,71.75999999999999,75.24028708079207,0.0,0.0,0.0,0.10440306508910428,0.0,3.0
2021-11-08 08:42:00,373.54333333333335,27.326666666666664,71.64999999999999,27.745677741466892,0.0,0.0057735026918953655,0.0,0.14730919862656164,0.0,3.0
2021-11-08 08:43:00,414.38,27.34,71.715,0.0,0.0,0.0,0.0,0.10606601717798615,0.0,3.0
2021-11-08 08:44:00,405.45,27.343333333333334,71.67,17.092106365220168,0.0,0.00577350269189716,0.0,0.060000000000002274,0.0,3.0
2021-11-08 08:45:00,410.90999999999997,27.365000000000002,71.735,4.907321061434618,0.0,0.007071067811865324,0.0,0.12020815280170424,0.0,3.0
2021-11-08 08:46:00,414.37999999999994,27.373333333333335,71.67,0.0,0.0,0.005773502691894596,0.0,0.14798648586949062,0.0,3.0
2021-11-08 08:47:00,419.09999999999997,27.393333333333334,71.61333333333333,4.087639905862562,0.0,0.0057735026918953655,0.0,0.0513160143944704,0.0,3.0
2021-11-08 08:48:00,351.78,27.4,71.49000000000001,32.526911934581186,0.0,0.0,0.0,0.014142135623723113,0.0,3.0
2021-11-08 08:49:00,391.84999999999997,27.41,71.64666666666666,7.621023553303033,0.0,0.010000000000000675,0.0,0.08144527815247042,0.0,3.0
2021-11-08 08:50:00,404.04499999999996,27.435000000000002,71.735,4.801255044256692,0.0,0.007071067811865324,0.0,0.0494974746830535,0.0,3.0
2021-11-08 08:51:00,407.44,27.450000000000003,71.68,0.0,0.0,0.014142135623729393,0.0,0.08485281374238389,0.0,3.0
2021-11-08 08:52:00,384.8833333333334,27.47,71.76,39.79579416638563,0.0,0.010000000000000231,0.0,0.07810249675906056,0.0,3.0
2021-11-08 08:53:00,414.38,27.48,71.58500000000001,0.0,0.0,0.0,0.0,0.04949747468306858,0.0,3.0
2021-11-08 08:54:00,365.94666666666666,27.486666666666665,71.73,35.93428075436231,0.0,0.0057735026918953655,0.0,0.13527749258469365,0.0,3.0
2021-11-08 08:55:00,378.11999999999995,27.459999999999997,71.49666666666667,34.710730329395275,0.0,0.010000000000000675,0.0,0.11547005383791858,0.0,3.0
2021-11-08 08:56:00,336.72,27.47,71.6,53.82496818391994,0.0,0.0,0.0,0.11313708498986026,0.0,3.0
2021-11-08 08:57:00,330.96999999999997,27.47666666666667,71.79,42.75708479304919,0.0,0.00577350269189716,0.0,0.18193405398660206,0.0,3.0
2021-11-08 08:58:00,367.55,27.473333333333333,71.75999999999999,29.101718162335377,0.0,0.00577350269189716,0.0,0.060827625302986445,0.0,3.0
2021-11-08 08:59:00,387.45,27.485,71.755,0.0,0.0,0.0070710678118640685,0.0,0.0070710678118640685,0.0,3.0
2021-11-08 09:00:00,354.52666666666664,27.5,71.69000000000001,40.03411836588054,0.0,0.010000000000001563,0.0,0.026457513110637956,0.0,3.0
2021-11-08 09:01:00,391.84999999999997,27.493333333333336,71.66666666666667,7.621023553303062,0.0,0.015275252316519916,0.0,0.015275252316520304,0.0,3.0
2021-11-08 09:02:00,357.88,27.48,71.80000000000001,70.08842415121059,0.0,0.0,0.0,0.014142135623723113,0.0,3.0
2021-11-08 09:03:00,295.78999999999996,27.516666666666666,71.72333333333334,14.184459806421991,0.0,0.015275252316521272,0.0,0.035118845842853345,0.0,3.0
2021-11-08 09:04:00,295.7033333333333,27.543333333333333,71.70666666666666,11.84163980761674,0.0,0.005773502691896647,0.0,0.05686240703076883,0.0,3.0
2021-11-08 09:05:00,273.16,27.54,71.57,36.06244584051395,0.0,0.0,0.0,0.014142135623733162,0.0,3.0
2021-11-08 09:06:00,290.1566666666667,27.543333333333333,71.48666666666666,40.06810868176002,0.0,0.011547005383793552,0.0,0.06658328118479091,0.0,3.0
2021-11-08 09:07:00,302.95,27.566666666666663,71.50666666666667,28.891744495616724,0.0,0.005773502691898185,0.0,0.09504384952922783,0.0,3.0
2021-11-08 09:08:00,285.87,27.560000000000002,71.345,31.749094475275967,0.0,0.014142135623729393,0.0,0.06363961030679169,0.0,3.0
2021-11-08 09:09:00,323.6166666666666,27.563333333333333,71.38333333333333,8.9431556697473,0.0,0.0057735026918976735,0.0,0.011547005383790217,0.0,3.0
2021-11-08 09:10:00,306.6933333333333,27.583333333333332,71.33333333333333,2.817469313645371,0.0,0.005773502691896647,0.0,0.04041451884326884,0.0,3.0
2021-11-08 09:11:00,292.09,27.59,71.305,51.88749560346884,0.0,0.0,0.0,0.007071067811874117,0.0,3.0
2021-11-08 09:12:00,287.98333333333335,27.596666666666664,71.27333333333333,35.57559884714987,0.0,0.005773502691898185,0.0,0.01527525231651914,0.0,3.0
2021-11-08 09:13:00,328.78,27.630000000000003,71.31,0.0,0.0,0.014142135623729393,0.0,0.028284271247456274,0.0,3.0
2021-11-08 09:14:00,321.96,27.64333333333333,71.20333333333333,11.812586507619747,0.0,0.015275252316521661,0.0,0.005773502691891007,0.0,3.0
2021-11-08 09:15:00,305.09999999999997,27.669999999999998,71.22000000000001,5.577203600371762,0.0,0.010000000000001563,0.0,0.06999999999999673,0.0,3.0
2021-11-08 09:16:00,281.86,27.68,71.105,37.420090860392094,0.0,0.0,0.0,0.06363961030679169,0.0,3.0
2021-11-08 09:17:00,297.5,27.69333333333333,71.32000000000001,37.867669587657474,0.0,0.011547005383793552,0.0,0.043588989435413145,0.0,3.0
2021-11-08 09:18:00,294.075,27.71,71.255,49.08028168215824,0.0,0.014142135623729393,0.0,0.0070710678118640685,0.0,3.0
2021-11-08 09:19:00,330.57,27.736666666666668,71.3,3.1003709455482973,0.0,0.011547005383791756,0.0,0.03464101615137476,0.0,3.0
2021-11-08 09:20:00,289.7733333333333,27.76,71.29,38.656353078547546,0.0,0.009999999999998455,0.0,0.026457513110641987,0.0,3.0
2021-11-08 09:21:00,339.62,27.78,71.33,0.0,0.0,0.014142135623729393,0.0,0.0,0.0,3.0
2021-11-08 09:22:00,321.3566666666667,27.8,71.36666666666667,31.63302124889961,0.0,0.009999999999998455,0.0,0.10969655114601905,0.0,3.0
2021-11-08 09:23:00,324.7233333333333,27.810000000000002,71.22333333333334,30.760992073295213,0.0,0.010000000000000231,0.0,0.025166114784227533,0.0,3.0
2021-11-08 09:24:00,348.04499999999996,27.81,71.28,4.023437584951433,0.0,0.0,0.0,0.04242640687119446,0.0,3.0
2021-11-08 09:25:00,328.47999999999996,27.83,71.22666666666666,34.00678902807492,0.0,0.010000000000000231,0.0,0.011547005383791243,0.0,3.0
2021-11-08 09:26:00,323.21666666666664,27.86,71.16333333333334,33.360698933525555,0.0,0.010000000000000231,0.0,0.030550504633047586,0.0,3.0
2021-11-08 09:27:00,315.015,27.87,71.085,42.68803638023188,0.0,0.0,0.0,0.02121320343559723,0.0,3.0
2021-11-08 09:28:00,307.96666666666664,27.896666666666665,71.12333333333333,32.24501253424058,0.0,0.0057735026918953655,0.0,0.07094598884597644,0.0,3.0
2021-11-08 09:29:00,330.37666666666667,27.913333333333338,71.10000000000001,35.53013556592955,0.0,0.01154700538379432,0.0,0.040000000000000924,0.0,3.0
2021-11-08 09:30:00,356.68,27.95,71.225,0.0,0.0,0.028284271247461298,0.0,0.10606601717798111,0.0,2.0
2021-11-08 09:31:00,326.9733333333333,27.98,71.11666666666666,36.60791490010504,0.0,0.009999999999998455,0.0,0.09018499505645242,0.0,2.0
2021-11-08 09:32:00,332.3066666666667,28.0,71.07000000000001,37.314038019669376,0.0,0.010000000000002451,0.0,0.02999999999999048,0.0,2.0
2021-11-08 09:33:00,323.015,28.025,71.1,47.60949957729025,0.0,0.007071067811867836,0.0,0.05656854249492762,0.0,2.0
2021-11-08 09:34:00,303.145,28.04,71.06,67.5216265355034,0.0,0.0,0.0,0.028284271247456274,0.0,2.0
2021-11-08 09:35:00,303.145,28.04,71.06,0.0,0.0,0.0,0.0,0.0,0.0,2.0
2021-11-08 09:36:00,296.26,28.08,70.94,0.0,0.0,0.0,0.0,0.0,0.0,2.0
2021-11-08 09:37:00,420.94000000000005,28.05666666666667,70.75,45.535615730985796,0.0,0.020816659994660456,0.0,0.06928203230275874,0.0,2.0
2021-11-08 09:38:00,444.7966666666667,28.070000000000004,70.8,4.2146569650842585,0.0,0.009999999999998899,0.0,0.13856406460550724,0.0,2.0
2021-11-08 09:39:00,462.25,28.07,70.62,0.0,0.0,0.0,0.0,0.0,0.0,2.0
2021-11-08 09:40:00,459.8233333333333,28.099999999999998,70.67,11.572421239020525,0.0,0.010000000000001563,0.0,0.026457513110646015,0.0,2.0
2021-11-08 09:41:00,427.45500000000004,28.12,70.74,49.2075609027718,0.0,0.0,0.0,0.04242640687119446,0.0,2.0
2021-11-08 09:42:00,372.16499999999996,28.134999999999998,70.65,196.4696191526822,0.0,0.007071067811867836,0.0,0.014142135623733162,0.0,2.0
2021-11-08 09:43:00,541.1700000000001,28.156666666666666,70.64666666666668,19.086306609713656,0.0,0.01154700538379432,0.0,0.0057735026919002366,0.0,2.0
2021-11-08 09:44:00,556.58,28.19,70.55999999999999,0.0,0.0,0.0,0.0,0.08185352771871603,0.0,2.0
2021-11-08 09:45:00,538.67,28.215,70.595,39.00401005024996,0.0,0.0070710678118640685,0.0,0.02121320343559723,0.0,2.0
2021-11-08 09:46:00,572.8366666666667,28.223333333333333,70.46,5.704220659593459,0.0,0.005773502691898185,0.0,0.10148891565091514,0.0,2.0
2021-11-08 09:47:00,547.975,28.25,70.6,39.81718284861445,0.0,0.014142135623733162,0.0,0.08485281374238389,0.0,2.0
2021-11-08 09:48:00,572.9033333333333,28.28,70.61666666666666,11.523911373024967,0.0,0.010000000000000675,0.0,0.032145502536638816,0.0,2.0
2021-11-08 09:49:00,579.4900000000001,28.30666666666667,70.56,5.819690713431435,0.0,0.005773502691894596,0.0,0.0953939201416942,0.0,2.0
2021-11-08 09:50:00,557.47,28.325,70.53,40.64449778260276,0.0,0.0070710678118640685,0.0,0.028284271247456274,0.0,2.0
2021-11-08 09:51:00,563.69,28.353333333333335,70.64666666666666,30.69287865287317,0.0,0.015275252316521661,0.0,0.15534906930308215,0.0,2.0
2021-11-08 09:52:00,547.89,28.38333333333333,70.54666666666667,33.18609347301969,0.0,0.0057735026918976735,0.0,0.08962886439832991,0.0,2.0
2021-11-08 09:53:00,586.21,28.42,70.53999999999999,0.0,0.0,0.0,0.0,0.014142135623723113,0.0,2.0
2021-11-08 09:54:00,586.21,28.426666666666666,70.39333333333333,0.0,0.0,0.0057735026918953655,0.0,0.02309401076758659,0.0,2.0
2021-11-08 09:55:00,586.21,28.429999999999996,70.40666666666667,0.0,0.0,0.0,0.0,0.03785938897200493,0.0,2.0
2021-11-08 09:56:00,596.62,28.44,70.33,14.721963184303874,0.0,0.0,0.0,0.0,0.0,2.0
2021-11-08 09:57:00,571.02,28.436666666666667,70.26,45.546109603345876,0.0,0.00577350269189716,0.0,0.14177446878758562,0.0,2.0
2021-11-08 09:58:00,586.21,28.41333333333333,70.34666666666668,0.0,0.0,0.005773502691896135,0.0,0.15947831618541042,0.0,2.0
2021-11-08 09:59:00,557.47,28.42,70.195,40.64449778260276,0.0,0.014142135623729393,0.0,0.021213203435592205,0.0,2.0
2021-11-08 10:00:00,580.1166666666667,28.456666666666667,69.96666666666668,30.42117902602288,0.0,0.015275252316519335,0.0,0.19139836293274318,0.0,3.0
2021-11-08 10:01:00,547.89,28.45,69.83666666666666,33.18609347301969,0.0,0.0,0.0,0.1443375672974054,0.0,3.0
2021-11-08 10:02:00,596.62,28.475,69.91999999999999,14.721963184303874,0.0,0.007071067811865324,0.0,0.05656854249491757,0.0,3.0
2021-11-08 10:03:00,586.21,28.486666666666665,69.74333333333333,0.0,0.0,0.0057735026918953655,0.0,0.08736894948053749,0.0,3.0
2021-11-08 10:04:00,593.15,28.5,69.75,12.020432604527963,0.0,0.010000000000002451,0.0,0.04358898943540458,0.0,3.0
2021-11-08 10:05:00,581.1700000000001,28.53,69.58500000000001,7.127636354360388,0.0,0.0,0.0,0.0070710678118640685,0.0,3.0
2021-11-08 10:06:00,567.0500000000001,28.540000000000003,69.46333333333332,33.18609347301969,0.0,0.0,0.0,0.13576941236278056,0.0,3.0
2021-11-08 10:07:00,586.21,28.560000000000002,69.40666666666667,0.0,0.0,0.009999999999998899,0.0,0.08144527815247173,0.0,3.0
2021-11-08 10:08:00,586.21,28.564999999999998,69.26499999999999,0.0,0.0,0.007071067811865324,0.0,0.07778174593052485,0.0,3.0
2021-11-08 10:09:00,586.21,28.566666666666666,69.24,0.0,0.0,0.00577350269189716,0.0,0.05567764362829775,0.0,3.0
2021-11-08 10:10:00,586.21,28.57,69.145,0.0,0.0,0.0,0.0,0.06363961030679169,0.0,3.0
2021-11-08 10:11:00,593.15,28.570000000000004,68.80666666666667,12.020432604527963,0.0,0.0,0.0,0.12096831541082925,0.0,3.0
2021-11-08 10:12:00,582.85,28.573333333333334,68.75666666666666,5.819690713431467,0.0,0.005773502691894596,0.0,0.1258305739211814,0.0,3.0
2021-11-08 10:13:00,553.0150000000001,28.58,68.765,46.94481920297484,0.0,0.0,0.0,0.13435028842544242,0.0,3.0
2021-11-08 10:14:00,586.21,28.593333333333334,68.77,0.0,0.0,0.00577350269189716,0.0,0.036055512754637156,0.0,3.0
2021-11-08 10:15:00,607.03,28.61,68.84333333333332,0.0,0.0,0.010000000000000231,0.0,0.10503967504393226,0.0,3.0
2021-11-08 10:16:00,607.03,28.64,68.81,0.0,0.0,0.014142135623729393,0.0,0.1979898987322341,0.0,3.0
2021-11-08 10:17:00,563.69,28.66,68.42333333333333,30.69287865287325,0.0,0.0,0.0,0.01154700538379637,0.0,3.0
2021-11-08 10:18:00,567.88,28.665,68.42,55.36646096690664,0.0,0.02121320343559723,0.0,0.08485281374238891,0.0,3.0
2021-11-08 10:19:00,562.02,28.69,68.37,34.2098260738052,0.0,0.0,0.0,0.11313708498984519,0.0,3.0
2021-11-08 10:20:00,590.2133333333334,28.709999999999997,68.36,29.12732108061659,0.0,0.010000000000001563,0.0,0.12000000000000455,0.0,3.0
2021-11-08 10:21:00,583.9633333333334,28.736666666666665,68.34333333333333,39.95263862792202,0.0,0.0057735026918953655,0.0,0.0929157324317776,0.0,3.0
2021-11-08 10:22:00,577.0699999999999,28.744999999999997,68.145,42.36983832869794,0.0,0.007071067811867836,0.0,0.09192388155424797,0.0,3.0
2021-11-08 10:23:00,600.09,28.77,68.13666666666667,12.020432604527963,0.0,0.0,0.0,0.06110100926607966,0.0,3.0
2021-11-08 10:24:00,586.21,28.80666666666666,68.11999999999999,0.0,0.0,0.015275252316521272,0.0,0.07000000000000434,0.0,3.0
2021-11-08 10:25:00,557.47,28.81,67.92500000000001,40.64449778260276,0.0,0.0,0.0,0.12020815280170925,0.0,3.0
2021-11-08 10:26:00,563.9900000000001,28.83,68.02333333333333,37.56142702294464,0.0,0.010000000000000231,0.0,0.023094010767581462,0.0,3.0
2021-11-08 10:27:00,572.4300000000001,28.85,67.84,48.931789258109085,0.0,0.014142135623729393,0.0,0.014142135623723113,0.0,3.0
2021-11-08 10:28:00,570.0833333333334,28.879999999999995,67.86333333333333,27.932206023394077,0.0,0.020000000000000462,0.0,0.02081665999465633,0.0,3.0
2021-11-08 10:29:00,607.03,28.89333333333333,67.79666666666667,0.0,0.0,0.015275252316521661,0.0,0.051316014394477326,0.0,3.0
2021-11-08 10:30:00,563.425,28.895,67.92,61.666782387278715,0.0,0.02121320343559723,0.0,0.014142135623738184,0.0,3.0
2021-11-08 10:31:00,607.03,28.963333333333335,67.81333333333333,0.0,0.0,0.005773502691894596,0.0,0.0665832811847935,0.0,1.0
2021-11-08 10:32:00,617.8466666666667,28.963333333333335,67.92333333333333,10.85520305352845,0.0,0.011547005383791756,0.0,0.1331665623695861,0.0,1.0
2021-11-08 10:33:00,587.925,28.965,68.035,57.72112654825783,0.0,0.0070710678118640685,0.0,0.06363961030679169,0.0,1.0
2021-11-08 10:34:00,601.03,28.973333333333333,68.07666666666667,38.88363537530921,0.0,0.00577350269189716,0.0,0.04163331998931949,0.0,1.0
2021-11-08 10:35:00,608.4200000000001,29.01,68.16000000000001,45.242670124562736,0.0,0.010000000000000231,0.0,0.20420577856662311,0.0,1.0
2021-11-08 10:36:00,629.21,29.025,68.16499999999999,31.36725681343522,0.0,0.007071067811867836,0.0,0.049497474683058526,0.0,1.0
2021-11-08 10:37:00,646.405,29.03,68.26,40.49600535855357,0.0,0.0,0.0,0.04242640687119446,0.0,1.0
2021-11-08 10:38:00,763.4200000000001,29.023333333333337,68.15333333333334,55.14849771299303,0.0,0.011547005383790731,0.0,0.02516611478424118,0.0,1.0
2021-11-08 10:39:00,764.2266666666666,29.05,67.85000000000001,67.07929958886966,0.0,0.017320508075689686,0.0,0.177763888346311,0.0,1.0
2021-11-08 10:40:00,693.495,29.03,67.785,8.831763697019985,0.0,0.0,0.0,0.0777817459305148,0.0,1.0
2021-11-09 07:00:00,408.00666666666666,27.25,67.26333333333334,3.2331615074619173,0.0,0.010000000000002451,0.0,0.015275252316522629,0.0,1.0
2021-11-09 07:01:00,406.22333333333336,27.266666666666666,67.22666666666666,9.555146955088322,0.0,0.0057735026918953655,0.0,0.011547005383785091,0.0,1.0
2021-11-09 07:02:00,392.52,27.275,67.27000000000001,3.7759502115361263,0.0,0.007071067811867836,0.0,0.014142135623733162,0.0,1.0
2021-11-09 07:03:00,389.8500000000001,27.266666666666666,67.30333333333334,0.0,0.0,0.0057735026918953655,0.0,0.005773502691905364,0.0,2.0
2021-11-09 07:04:00,347.6,27.295,67.285,3.295117600329309,0.0,0.007071067811865324,0.0,0.007071067811874117,0.0,2.0
2021-11-09 07:05:00,400.7366666666667,27.319999999999997,67.25333333333333,10.945466336951258,0.0,0.010000000000001563,0.0,0.0057735026918940835,0.0,1.0
2021-11-09 07:06:00,371.7066666666667,27.336666666666662,67.21666666666667,26.99015437772328,0.0,0.01154700538379432,0.0,0.0057735026918940835,0.0,1.0
2021-11-09 07:07:00,355.96,27.355,67.205,40.47479215511799,0.0,0.0070710678118640685,0.0,0.007071067811859044,0.0,1.0
2021-11-09 07:08:00,384.58,27.366666666666664,67.19,0.0,0.0,0.00577350269189716,0.0,0.009999999999994458,0.0,2.0
2021-11-09 07:09:00,369.95,27.376666666666665,67.21666666666668,25.339903314732666,0.0,0.0057735026918953655,0.0,0.02309401076758454,0.0,1.0
2021-11-09 07:10:00,384.58,27.415,67.2,0.0,0.0,0.02121320343559723,0.0,0.07071067811865074,0.0,1.0
2021-11-09 07:11:00,366.96,27.429999999999996,67.11333333333333,30.51873522936359,0.0,0.0,0.0,0.015275252316523404,0.0,1.0
2021-11-09 07:12:00,384.58,27.44333333333333,67.10666666666667,0.0,0.0,0.011547005383793552,0.0,0.020816659994659745,0.0,2.0
2021-11-09 07:13:00,381.99,27.445,67.13499999999999,3.6628131265463413,0.0,0.0070710678118640685,0.0,0.035355339059330394,0.0,2.0
2021-11-09 07:14:00,389.9266666666667,27.459999999999997,67.15666666666667,9.260698317801605,0.0,0.010000000000001563,0.0,0.047258156262520695,0.0,2.0
2021-11-09 07:15:00,388.0933333333334,27.48,67.10666666666667,3.0426359186293293,0.0,0.0,0.0,0.01154700538379637,0.0,2.0
2021-11-09 07:16:00,365.27,27.485,67.11500000000001,34.761369363130676,0.0,0.0070710678118640685,0.0,0.007071067811874117,0.0,2.0
2021-11-09 07:17:00,371.70666666666665,27.496666666666666,67.06666666666668,26.99015437772327,0.0,0.005773502691898185,0.0,0.03214550253665005,0.0,2.0
2021-11-09 07:18:00,395.22,27.496666666666666,67.13666666666667,5.3850626737299825,0.0,0.005773502691896647,0.0,0.10066445913694871,0.0,3.0
2021-11-09 07:19:00,397.905,27.53,67.09,3.839589821842938,0.0,0.014142135623729393,0.0,0.028284271247471345,0.0,3.0
2021-11-09 07:20:00,397.05999999999995,27.576666666666668,67.07333333333334,8.30443857223352,0.0,0.01527525231651817,0.0,0.03214550253664415,0.0,3.0
2021-11-09 07:21:00,383.75333333333333,27.61,67.10666666666667,29.799144842316075,0.0,0.0,0.0,0.04041451884326884,0.0,3.0
2021-11-09 07:22:00,347.6,27.630000000000003,67.08500000000001,3.295117600329349,0.0,0.014142135623729393,0.0,0.04949747468306858,0.0,3.0
2021-11-09 07:23:00,389.8500000000001,27.673333333333332,67.14333333333333,0.0,0.0,0.015275252316521661,0.0,0.07023769168568916,0.0,3.0
2021-11-09 07:24:00,403.38,27.71,67.195,3.9032294321497294,0.0,0.014142135623729393,0.0,0.04949747468306858,0.0,2.0
2021-11-09 07:25:00,383.5466666666666,27.733333333333334,67.19,26.31737132263277,0.0,0.005773502691894596,0.0,0.1374772708486707,0.0,2.0
2021-11-09 07:26:00,386.33666666666664,27.71666666666667,66.78666666666668,3.0426359186293745,0.0,0.0057735026918953655,0.0,0.17039170558843067,0.0,2.0
2021-11-09 07:27:00,384.58,27.745,66.925,0.0,0.0,0.02121320343559723,0.0,0.02121320343559723,0.0,3.0
2021-11-09 07:28:00,391.62999999999994,27.77,66.92,3.083050437472591,0.0,0.010000000000000231,0.0,0.010000000000005116,0.0,3.0
2021-11-09 07:29:00,395.28000000000003,27.790000000000003,66.99333333333333,9.405035885098988,0.0,0.010000000000000231,0.0,0.030550504633035568,0.0,3.0
2021-11-09 07:30:00,397.995,27.814999999999998,66.86500000000001,11.518769465528834,0.0,0.007071067811867836,0.0,0.049497474683058526,0.0,3.0
2021-11-09 07:31:00,386.39000000000004,27.85666666666667,66.69333333333333,8.049105540369077,0.0,0.01527525231651817,0.0,0.0776745346515371,0.0,3.0
2021-11-09 07:32:00,373.4633333333333,27.88,66.47666666666667,28.382539233362042,0.0,0.0,0.0,0.1159022576714198,0.0,3.0
2021-11-09 07:33:00,389.85,27.895,66.33,0.0,0.0,0.0070710678118640685,0.0,0.04242640687119446,0.0,3.0
2021-11-09 07:34:00,355.57,27.92,66.3,29.773249738649643,0.0,0.0,0.0,0.05291502622129203,0.0,3.0
2021-11-09 07:35:00,362.635,27.939999999999998,66.325,31.03491662627756,0.0,0.014142135623731905,0.0,0.0494974746830535,0.0,3.0
2021-11-09 07:36:00,373.4633333333333,27.953333333333333,66.31,28.382539233362017,0.0,0.00577350269189716,0.0,0.017320508075683277,0.0,3.0
2021-11-09 07:37:00,389.8500000000001,27.973333333333333,66.39999999999999,0.0,0.0,0.00577350269189716,0.0,0.0435889894354058,0.0,3.0
2021-11-09 07:38:00,397.995,27.994999999999997,66.50999999999999,11.518769465528834,0.0,0.007071067811867836,0.0,0.028284271247471345,0.0,3.0
2021-11-09 07:39:00,374.99,28.00666666666667,66.48,25.73827500047354,0.0,0.005773502691896135,0.0,0.0,0.0,3.0
2021-11-09 07:40:00,363.50666666666666,27.99333333333333,65.84333333333332,27.528060834961327,0.0,0.005773502691896135,0.0,0.16196707484341477,0.0,3.0
2021-11-09 07:41:00,369.27,27.994999999999997,65.905,0.0,0.0,0.007071067811867836,0.0,0.007071067811859044,0.0,3.0
2021-11-09 07:42:00,365.96999999999997,28.02333333333333,65.84333333333332,2.8578838324886204,0.0,0.00577350269189716,0.0,0.08736894948053749,0.0,3.0
2021-11-09 07:43:00,336.7933333333333,28.026666666666667,65.67666666666666,23.83879261483964,0.0,0.005773502691896647,0.0,0.10969655114602758,0.0,3.0
2021-11-09 07:44:00,364.32,28.035,65.75,0.0,0.0,0.0070710678118640685,0.0,0.04242640687119446,0.0,3.0
2021-11-09 07:45:00,355.2933333333333,28.073333333333334,65.85,24.208296787121004,0.0,0.015275252316521661,0.0,0.05000000000000959,0.0,3.0
2021-11-09 07:46:00,365.99666666666667,28.11,65.94999999999999,5.669579643442129,0.0,0.010000000000000231,0.0,0.060827625302986445,0.0,3.0
2021-11-09 07:47:00,341.24,28.145,65.97999999999999,25.752828970814054,0.0,0.0070710678118640685,0.0,0.014142135623723113,0.0,3.0
2021-11-09 07:48:00,350.5566666666667,28.180000000000003,65.89666666666666,23.83879261483967,0.0,0.010000000000000231,0.0,0.05507570547285125,0.0,3.0
2021-11-09 07:49:00,364.32,28.203333333333337,65.82333333333334,0.0,0.0,0.011547005383790731,0.0,0.06429100507328886,0.0,3.0
2021-11-09 07:50:00,328.52,28.215,65.39500000000001,36.953400384808965,0.0,0.0070710678118640685,0.0,0.27577164466275894,0.0,3.0
2021-11-09 07:51:00,359.45,28.21666666666667,65.58666666666667,0.0,0.0,0.01527525231651817,0.0,0.11846237095943936,0.0,3.0
2021-11-09 07:52:00,364.32,28.244999999999997,65.58,0.0,0.0,0.007071067811867836,0.0,0.0,0.0,3.0
2021-11-09 07:53:00,361.0733333333333,28.266666666666666,65.55666666666666,2.81169581095348,0.0,0.0057735026918953655,0.0,0.025166114784227533,0.0,3.0
2021-11-09 07:54:00,346.11999999999995,28.28333333333333,65.46333333333332,27.414136864034237,0.0,0.0057735026918953655,0.0,0.03785938897200196,0.0,3.0
2021-11-09 07:55:00,341.24,28.255000000000003,65.1,25.752828970814054,0.0,0.007071067811867836,0.0,0.04242640687119446,0.0,3.0
2021-11-09 07:56:00,344.49666666666667,28.213333333333335,65.80666666666667,25.89993307584662,0.0,0.01527525231651817,0.0,0.35501173689517945,0.0,3.0
2021-11-09 07:57:00,359.45,28.31,66.00333333333333,0.0,0.0,0.06244997998398415,0.0,0.3153305144341955,0.0,3.0
2021-11-09 07:58:00,332.55499999999995,28.42,65.13499999999999,31.247048660633514,0.0,0.014142135623729393,0.0,0.2616295090390107,0.0,3.0
2021-11-09 07:59:00,332.4066666666667,28.436666666666667,65.02333333333333,24.344149879043496,0.0,0.015275252316518367,0.0,0.14742229591663947,0.0,3.0
2021-11-09 08:00:00,340.69,28.396666666666665,65.22666666666667,0.0,0.0,0.0057735026918953655,0.0,0.15567059238447467,0.0,3.0
2021-11-09 08:01:00,342.98,28.369999999999997,65.15,3.2385490578343967,0.0,0.014142135623729393,0.0,0.014142135623723113,0.0,3.0
2021-11-09 08:02:00,340.69,28.34,65.11666666666666,0.0,0.0,0.0,0.0,0.08504900548116517,0.0,3.0
2021-11-09 08:03:00,314.0566666666667,28.33,65.12333333333333,27.03153960345827,0.0,0.020000000000000906,0.0,0.05507570547286769,0.0,3.0
2021-11-09 08:04:00,340.69,28.32,65.14,0.0,0.0,0.0,0.0,0.08485281374238891,0.0,3.0
2021-11-09 08:05:00,329.66333333333336,28.340000000000003,65.26333333333334,27.03153960345825,0.0,0.010000000000000675,0.0,0.04509249752823022,0.0,3.0
2021-11-09 08:06:00,329.66333333333336,28.356666666666666,65.32000000000001,27.031539603458274,0.0,0.0057735026918953655,0.0,0.026457513110641987,0.0,3.0
2021-11-09 08:07:00,345.27,28.375,65.315,0.0,0.0,0.0070710678118640685,0.0,0.007071067811859044,0.0,3.0
2021-11-09 08:08:00,329.66333333333336,28.396666666666665,65.26333333333334,27.03153960345825,0.0,0.0057735026918953655,0.0,0.015275252316519529,0.0,3.0
2021-11-09 08:09:00,323.83,28.4,65.195,30.320738777279153,0.0,0.0,0.0,0.03535533905932034,0.0,3.0
2021-11-09 08:10:00,342.2166666666667,28.41,65.17666666666668,2.6442642328884767,0.0,0.0,0.0,0.0057735026918940835,0.0,3.0
2021-11-09 08:11:00,314.0566666666667,28.413333333333338,65.17,27.031539603458295,0.0,0.00577350269189716,0.0,0.05567764362830063,0.0,3.0
2021-11-09 08:12:00,310.615,28.425,65.05,49.00957100403963,0.0,0.0070710678118640685,0.0,0.0,0.0,3.0
2021-11-09 08:13:00,328.1366666666667,28.44,65.07333333333334,25.811193954045088,0.0,0.0,0.0,0.15307950004273915,0.0,3.0
2021-11-09 08:14:00,326.84,28.44333333333333,65.03666666666668,28.04893759128855,0.0,0.005773502691894596,0.0,0.005773502691905364,0.0,3.0
2021-11-09 08:15:00,317.625,28.45,64.96000000000001,32.61883581613544,0.0,0.0,0.0,0.08485281374238389,0.0,3.0
2021-11-09 08:16:00,345.27,28.463333333333335,65.08,0.0,0.0,0.015275252316521661,0.0,0.04999999999999716,0.0,3.0
2021-11-09 08:17:00,298.45,28.48,65.07,0.0,0.0,0.0,0.0,0.0,0.0,3.0
2021-11-09 08:18:00,298.45,28.48,65.07,0.0,0.0,0.0,0.0,0.0,0.0,3.0
2021-11-09 08:19:00,298.45,28.48,65.07,0.0,0.0,0.0,0.0,0.0,0.0,3.0
2021-11-09 08:20:00,298.45,28.48,65.07,0.0,0.0,0.0,0.0,0.0,0.0,3.0
2021-11-09 08:21:00,298.45,28.48,65.07,0.0,0.0,0.0,0.0,0.0,0.0,3.0
2021-11-09 08:22:00,298.45,28.48,65.07,0.0,0.0,0.0,0.0,0.0,0.0,3.0
2021-11-09 08:23:00,298.45,28.48,65.07,0.0,0.0,0.0,0.0,0.0,0.0,3.0
2021-11-09 08:24:00,298.45,28.48,65.07,0.0,0.0,0.0,0.0,0.0,0.0,3.0
2021-11-09 08:25:00,298.45,28.48,65.07,0.0,0.0,0.0,0.0,0.0,0.0,3.0
2021-11-09 08:26:00,298.45,28.48,65.07,0.0,0.0,0.0,0.0,0.0,0.0,3.0
2021-11-09 08:27:00,298.45,28.48,65.07,0.0,0.0,0.0,0.0,0.0,0.0,3.0
2021-11-09 08:28:00,298.45,28.48,65.07,0.0,0.0,0.0,0.0,0.0,0.0,3.0
2021-11-09 08:29:00,298.45,28.48,65.07,0.0,0.0,0.0,0.0,0.0,0.0,3.0
2021-11-09 08:30:00,358.16499999999996,28.74,64.82,66.22055005812022,0.0,0.0,0.0,0.028284271247461298,0.0,3.0
2021-11-09 08:31:00,407.72,28.744999999999997,64.92,3.860803025278515,0.0,0.007071067811867836,0.0,0.014142135623738184,0.0,3.0
2021-11-09 08:32:00,388.5,28.77666666666667,64.96,33.401767917282456,0.0,0.015275252316517395,0.0,0.017320508075690456,0.0,3.0
2021-11-09 08:33:00,410.49,28.805,64.955,7.7781745930520225,0.0,0.0070710678118640685,0.0,0.007071067811859044,0.0,3.0
2021-11-09 08:34:00,373.27666666666664,28.823333333333334,64.94333333333334,32.19305101001353,0.0,0.005773502691894596,0.0,0.025166114784230358,0.0,3.0
2021-11-09 08:35:00,415.99,28.853333333333335,64.98,0.0,0.0,0.005773502691894596,0.0,0.026457513110652055,0.0,3.0
2021-11-09 08:36:00,407.8,28.869999999999997,64.92500000000001,11.582409075835645,0.0,0.014142135623731905,0.0,0.035355339059330394,0.0,3.0
2021-11-09 08:37:00,360.2733333333333,28.886666666666667,64.86,29.561986288700794,0.0,0.011547005383791756,0.0,0.04358898943540214,0.0,3.0
2021-11-09 08:38:00,406.83666666666664,28.923333333333336,64.84333333333332,6.25847691801552,0.0,0.005773502691894596,0.0,0.015275252316520304,0.0,3.0
2021-11-09 08:39:00,379.84000000000003,28.945,64.785,35.56747109368333,0.0,0.0070710678118640685,0.0,0.0070710678118640685,0.0,3.0
2021-11-09 08:40:00,375.1233333333334,28.97,64.75,35.39157150132406,0.0,0.010000000000000231,0.0,0.019999999999992468,0.0,3.0
2021-11-09 08:41:00,397.1233333333333,28.993333333333336,64.74333333333334,32.67802523613283,0.0,0.015275252316520788,0.0,0.01527525231651914,0.0,3.0
2021-11-09 08:42:00,382.57,29.015,64.485,39.42827411896189,0.0,0.0070710678118640685,0.0,0.06363961030679169,0.0,3.0
2021-11-09 08:43:00,391.89000000000004,29.02333333333333,64.34666666666668,32.6822581839138,0.0,0.0057735026918976735,0.0,0.1662327685305533,0.0,3.0
2021-11-09 08:44:00,371.48,29.043333333333333,64.38,29.39306550872162,0.0,0.00577350269189716,0.0,0.08888194417316019,0.0,3.0
2021-11-09 08:45:00,407.72,29.055,64.4,3.860803025278515,0.0,0.0070710678118640685,0.0,0.014142135623723113,0.0,3.0
2021-11-09 08:46:00,378.28000000000003,29.05,64.48,32.99929241665647,0.0,0.0,0.0,0.017320508075690456,0.0,3.0
2021-11-09 08:47:00,390.07500000000005,29.07,64.47,36.64934446889877,0.0,0.0,0.0,0.014142135623738184,0.0,3.0
2021-11-09 08:48:00,417.8666666666666,29.070000000000004,64.56666666666666,3.2504820155375906,0.0,0.0,0.0,0.02081665999466259,0.0,3.0
2021-11-09 08:49:00,400.59,29.08,64.60333333333334,31.674641276579568,0.0,0.010000000000000231,0.0,0.032145502536638816,0.0,3.0
2021-11-09 08:50:00,421.62,29.105,64.68,0.0,0.0,0.0070710678118640685,0.0,0.05656854249491757,0.0,3.0
2021-11-09 08:51:00,404.08,29.14333333333333,64.69333333333333,30.380171164758114,0.0,0.015275252316521661,0.0,0.028867513459479646,0.0,3.0
2021-11-09 08:52:00,405.98333333333335,29.176666666666666,64.63666666666667,32.15550082541606,0.0,0.011547005383791756,0.0,0.015275252316518753,0.0,3.0
2021-11-09 08:53:00,413.305,29.185000000000002,64.525,11.759185771132282,0.0,0.007071067811865324,0.0,0.02121320343559723,0.0,3.0
2021-11-09 08:54:00,399.0,29.203333333333333,64.60000000000001,34.41857492691992,0.0,0.015275252316518367,0.0,0.017320508075690456,0.0,3.0
2021-11-09 08:55:00,415.99,29.233333333333334,64.43333333333332,0.0,0.0,0.005773502691894596,0.0,0.04041451884327807,0.0,3.0
2021-11-09 08:56:00,390.07500000000005,29.255000000000003,64.39,36.649344468898725,0.0,0.007071067811865324,0.0,0.028284271247456274,0.0,3.0
2021-11-09 08:57:00,414.1433333333334,29.276666666666667,64.46,3.1985204913105303,0.0,0.005773502691898185,0.0,0.019999999999999574,0.0,3.0
2021-11-09 08:58:00,397.1233333333333,29.293333333333333,64.51,32.67802523613283,0.0,0.00577350269189716,0.0,0.02000000000000135,0.0,3.0
2021-11-09 08:59:00,413.22,29.314999999999998,64.535,3.917371567773508,0.0,0.007071067811867836,0.0,0.02121320343559723,0.0,3.0
2021-11-09 09:00:00,392.95,29.336666666666662,64.48,20.11298336895849,0.0,0.01154700538379432,0.0,0.017320508075690456,0.0,3.0
2021-11-09 09:01:00,383.96,29.36,64.58666666666666,0.0,0.0,0.010000000000000231,0.0,0.1101514109457198,0.0,3.0
2021-11-09 09:02:00,386.53,29.4,64.535,3.6345288552988646,0.0,0.014142135623731905,0.0,0.03535533905932034,0.0,3.0
2021-11-09 09:03:00,367.2966666666666,29.423333333333336,64.47333333333334,37.764481107693456,0.0,0.005773502691894596,0.0,0.04509249752823074,0.0,3.0
2021-11-09 09:04:00,363.86999999999995,29.400000000000002,63.74666666666667,34.796900724058744,0.0,0.020000000000000906,0.0,0.35949038002891887,0.0,3.0
2021-11-09 09:05:00,356.395,29.395,63.59,46.25185455741207,0.0,0.0070710678118640685,0.0,0.02828427124746381,0.0,3.0
2021-11-09 09:06:00,368.7066666666667,29.376666666666665,63.52333333333333,35.322289469021314,0.0,0.0057735026918953655,0.0,0.07505553499465326,0.0,3.0
2021-11-09 09:07:00,358.51,29.38,63.68,43.260792872992965,0.0,0.0,0.0,0.014142135623728137,0.0,3.0
2021-11-09 09:08:00,375.09666666666664,29.400000000000002,63.64333333333334,33.76781357051911,0.0,0.010000000000000231,0.0,0.04932882862316448,0.0,3.0
2021-11-09 09:09:00,351.48333333333335,29.406666666666666,63.596666666666664,37.15124538065088,0.0,0.01154700538379432,0.0,0.03055050463303634,0.0,3.0
2021-11-09 09:10:00,372.555,29.435000000000002,63.69499999999999,38.2615479300041,0.0,0.007071067811865324,0.0,0.04949747468306104,0.0,3.0
2021-11-09 09:11:00,354.43333333333334,29.456666666666667,63.656666666666666,34.16435764555415,0.0,0.00577350269189716,0.0,0.05507570547286049,0.0,3.0
2021-11-09 09:12:00,380.5866666666666,29.496666666666666,63.53333333333333,2.9213923620994913,0.0,0.005773502691898185,0.0,0.06658328118479367,0.0,3.0
2021-11-09 09:13:00,383.96,29.51,63.42,0.0,0.0,0.0,0.0,0.0,0.0,3.0
2021-11-10 06:42:00,389.125,27.155,69.52,56.57561356273566,0.0,0.02121320343559723,0.0,0.11313708498984519,0.0,1.0
2021-11-10 06:43:00,417.91333333333336,27.070000000000004,70.02333333333333,24.852079054544554,0.0,0.05196152422706752,0.0,0.2514623895005709,0.0,1.0
2021-11-10 06:44:00,406.62,27.025,70.205,31.833947289018354,0.0,0.02121320343559346,0.0,0.10606601717798615,0.0,1.0
2021-11-10 06:45:00,435.18,26.956666666666667,70.51666666666667,0.0,0.0,0.011547005383793552,0.0,0.10692676621563903,0.0,1.0
2021-11-10 06:46:00,437.2266666666667,26.923333333333332,70.72000000000001,3.5449306528242985,0.0,0.011547005383791756,0.0,0.08185352771872514,0.0,1.0
2021-11-10 06:47:00,438.25,26.91,70.74000000000001,4.3416356364853925,0.0,0.014142135623733162,0.0,0.05656854249491757,0.0,1.0
2021-11-10 06:48:00,428.18333333333334,26.886666666666667,70.79333333333334,33.56137114799294,0.0,0.00577350269189716,0.0,0.005773502691891007,0.0,1.0
2021-11-10 06:49:00,430.2966666666666,26.876666666666665,70.90333333333332,35.533255315736724,0.0,0.005773502691894596,0.0,0.08504900548115264,0.0,1.0
2021-11-10 06:50:00,419.005,26.86,71.075,49.34898225900913,0.0,0.0,0.0,0.0494974746830535,0.0,1.0
2021-11-10 06:51:00,427.9066666666667,26.776666666666667,71.33999999999999,28.80603640442978,0.0,0.0472581562625268,0.0,0.11789826122552595,0.0,1.0
2021-11-10 06:52:00,447.56,26.744999999999997,71.46,0.0,0.0,0.007071067811867836,0.0,0.0,0.0,1.0
2021-11-10 06:53:00,453.8999999999999,26.77,71.48333333333333,0.0,0.0,0.010000000000000231,0.0,0.0472581562625247,0.0,1.0
2021-11-10 06:54:00,453.8999999999999,26.78,71.42333333333333,0.0,0.0,0.0,0.0,0.015275252316519529,0.0,1.0
2021-11-10 06:55:00,424.37,26.775,71.55,41.76172649687748,0.0,0.007071067811867836,0.0,0.04242640687119446,0.0,1.0
2021-11-10 06:56:00,436.04333333333335,26.77,71.58666666666666,30.928653920488248,0.0,0.010000000000000231,0.0,0.03785938897199867,0.0,1.0
2021-11-10 06:57:00,453.8999999999999,26.776666666666667,71.67666666666666,0.0,0.0,0.005773502691896647,0.0,0.11372481406154557,0.0,1.0
2021-11-10 06:58:00,453.9,26.795,71.75,0.0,0.0,0.007071067811865324,0.0,0.0,0.0,1.0
2021-11-10 06:59:00,451.7866666666667,26.823333333333334,71.70333333333333,3.660400706662213,0.0,0.011547005383790731,0.0,0.03511884584283884,0.0,1.0
2021-11-10 07:00:00,456.05,26.846666666666668,71.65,3.7239092362731165,0.0,0.020816659994661382,0.0,0.026457513110645342,0.0,1.0
2021-11-10 07:01:00,453.9,26.93,71.535,0.0,0.0,0.014142135623731905,0.0,0.09192388155424797,0.0,1.0
2021-11-10 07:02:00,440.3433333333334,26.953333333333333,71.44333333333333,34.65256315676137,0.0,0.015275252316518367,0.0,0.046188021535167025,0.0,1.0
2021-11-10 07:03:00,460.3500000000001,26.959999999999997,71.38,0.0,0.0,0.009999999999998899,0.0,0.030000000000001137,0.0,1.0
2021-11-10 07:04:00,430.34000000000003,26.939999999999998,71.39500000000001,42.44054900681663,0.0,0.014142135623729393,0.0,0.03535533905932034,0.0,1.0
2021-11-10 07:05:00,438.1933333333333,26.929999999999996,71.45666666666666,32.948818390548304,0.0,0.0,0.0,0.058594652770824936,0.0,1.0
2021-11-10 07:06:00,456.05,26.866666666666664,71.51333333333334,3.723909236273104,0.0,0.020816659994661167,0.0,0.030550504633039058,0.0,1.0
2021-11-10 07:07:00,460.35,26.869999999999997,71.62,0.0,0.0,0.014142135623731905,0.0,0.014142135623733162,0.0,1.0
2021-11-10 07:08:00,430.34000000000003,26.87,71.55000000000001,42.44054900681659,0.0,0.0,0.0,0.014142135623723113,0.0,1.0
2021-11-10 07:09:00,430.34000000000003,26.87,71.55000000000001,0.0,0.0,0.0,0.0,0.0,0.0,1.0
2021-11-10 07:10:00,430.34000000000003,26.87,71.55000000000001,0.0,0.0,0.0,0.0,0.0,0.0,1.0
2021-11-10 07:11:00,430.34000000000003,26.87,71.55000000000001,0.0,0.0,0.0,0.0,0.0,0.0,1.0
2021-11-10 07:12:00,430.34000000000003,26.87,71.55000000000001,0.0,0.0,0.0,0.0,0.0,0.0,1.0
2021-11-10 07:13:00,430.34000000000003,26.87,71.55000000000001,0.0,0.0,0.0,0.0,0.0,0.0,1.0
2021-11-10 07:14:00,430.34000000000003,26.87,71.55000000000001,0.0,0.0,0.0,0.0,0.0,0.0,1.0
2021-11-10 07:15:00,430.34000000000003,26.87,71.55000000000001,0.0,0.0,0.0,0.0,0.0,0.0,1.0
2021-11-10 07:16:00,430.34000000000003,26.87,71.55000000000001,0.0,0.0,0.0,0.0,0.0,0.0,1.0
2021-11-10 07:17:00,430.34000000000003,26.87,71.55000000000001,0.0,0.0,0.0,0.0,0.0,0.0,1.0
2021-11-10 07:18:00,430.34000000000003,26.87,71.55000000000001,0.0,0.0,0.0,0.0,0.0,0.0,1.0
2021-11-10 07:19:00,430.34000000000003,26.87,71.55000000000001,0.0,0.0,0.0,0.0,0.0,0.0,1.0
2021-11-10 07:20:00,365.5,26.81,72.23,0.0,0.0,0.0,0.0,0.0,0.0,1.0
2021-11-10 07:21:00,387.56,26.835,72.05,0.0,0.0,0.007071067811865324,0.0,0.028284271247456274,0.0,1.0
2021-11-10 07:22:00,413.46000000000004,26.889999999999997,71.91333333333334,15.549768487022565,0.0,0.010000000000001563,0.0,0.04041451884327016,0.0,2.0
2021-11-10 07:23:00,407.1433333333334,26.94666666666667,71.82333333333334,3.5045161339810327,0.0,0.03214550253664121,0.0,0.08020806277011698,0.0,2.0
2021-11-10 07:24:00,405.18,26.979999999999997,71.58500000000001,8.49942350986229,0.0,0.014142135623729393,0.0,0.12020815280171931,0.0,2.0
2021-11-10 07:25:00,374.6833333333334,27.03,71.49333333333333,42.898450243957924,0.0,0.029999999999998916,0.0,0.08144527815246023,0.0,2.0
2021-11-10 07:26:00,385.31,27.055,71.25,28.015570670611016,0.0,0.0070710678118640685,0.0,0.028284271247456274,0.0,2.0
2021-11-10 07:27:00,400.0333333333333,27.076666666666664,71.25333333333333,52.43131920268014,0.0,0.015275252316520013,0.0,0.055075705472859095,0.0,2.0
2021-11-10 07:28:00,436.6333333333334,27.099999999999998,71.22000000000001,11.454629340722192,0.0,0.029999999999998916,0.0,0.036055512754629766,0.0,2.0
2021-11-10 07:29:00,430.02,27.14,71.155,0.0,0.0,0.0,0.0,0.02121320343559723,0.0,2.0
2021-11-10 07:30:00,432.18666666666667,27.156666666666666,71.19999999999999,3.7527767497325715,0.0,0.005773502691896135,0.0,0.010000000000001563,0.0,2.0
2021-11-10 07:31:00,419.7733333333333,27.16,71.22333333333334,18.971321338624065,0.0,0.0,0.0,0.025166114784227533,0.0,2.0
2021-11-10 07:32:00,405.18,27.215,71.28,8.49942350986229,0.0,0.049497474683058526,0.0,0.014142135623738184,0.0,2.0
2021-11-10 07:33:00,365.5,27.27,71.2,0.0,0.0,0.0,0.0,0.0,0.0,2.0
2021-11-10 07:34:00,365.5,27.27,71.2,0.0,0.0,0.0,0.0,0.0,0.0,2.0
2021-11-10 07:35:00,365.5,27.27,71.2,0.0,0.0,0.0,0.0,0.0,0.0,2.0
2021-11-10 07:36:00,365.5,27.27,71.2,0.0,0.0,0.0,0.0,0.0,0.0,2.0
2021-11-10 07:37:00,365.5,27.27,71.2,0.0,0.0,0.0,0.0,0.0,0.0,2.0
2021-11-10 07:38:00,365.5,27.27,71.2,0.0,0.0,0.0,0.0,0.0,0.0,2.0
2021-11-10 07:39:00,365.5,27.27,71.2,0.0,0.0,0.0,0.0,0.0,0.0,2.0
2021-11-10 07:40:00,365.5,27.27,71.2,0.0,0.0,0.0,0.0,0.0,0.0,2.0
2021-11-10 07:41:00,345.09,27.42,70.58,0.0,0.0,0.0,0.0,0.0,0.0,3.0
2021-11-10 07:42:00,437.9166666666667,27.42,70.55666666666666,39.46189089911093,0.0,0.0,0.0,0.03055050463303363,0.0,3.0
2021-11-10 07:43:00,441.27,27.42,70.38,27.478169516909247,0.0,0.0,0.0,0.014142135623723113,0.0,3.0
2021-11-10 07:44:00,425.22333333333336,27.44333333333334,70.28666666666668,38.5011484677189,0.0,0.01527525231652011,0.0,0.08144527815247246,0.0,3.0
2021-11-10 07:45:00,467.69666666666666,27.463333333333335,70.30000000000001,12.11858215029025,0.0,0.0057735026918953655,0.0,0.009999999999994458,0.0,3.0
2021-11-10 07:46:00,429.375,27.455,70.245,44.30023984133719,0.0,0.007071067811867836,0.0,0.02121320343559723,0.0,3.0
2021-11-10 07:47:00,453.94,27.48,70.35666666666667,0.0,0.0,0.009999999999998455,0.0,0.005773502691901263,0.0,3.0
2021-11-10 07:48:00,435.34999999999997,27.46666666666667,70.06666666666668,32.99026371522362,0.0,0.020816659994662305,0.0,0.09018499505644703,0.0,3.0
2021-11-10 07:49:00,389.55,27.47,70.2,3.9597979746446823,0.0,0.014142135623731905,0.0,0.04242640687119446,0.0,3.0
2021-11-10 07:50:00,453.94,27.5,70.20666666666666,0.0,0.0,0.010000000000002451,0.0,0.028867513459479646,0.0,3.0
2021-11-10 07:51:00,437.56333333333333,27.543333333333333,70.21333333333332,34.38607324678601,0.0,0.00577350269189716,0.0,0.025166114784232942,0.0,3.0
2021-11-10 07:52:00,460.7,27.57,70.08000000000001,0.0,0.0,0.0,0.0,0.14142135623731653,0.0,3.0
2021-11-10 07:53:00,445.7133333333333,27.606666666666666,70.09333333333332,25.957668102765552,0.0,0.02081665999466181,0.0,0.01154700538379227,0.0,3.0
2021-11-10 07:54:00,467.58,27.623333333333335,70.02999999999999,0.0,0.0,0.0057735026918953655,0.0,0.03605551275463715,0.0,3.0
2021-11-10 07:55:00,464.14,27.57,69.995,4.864894654563444,0.0,0.0,0.0,0.0070710678118640685,0.0,3.0
2021-11-10 07:56:00,467.6166666666666,27.55666666666666,70.02333333333333,6.935072698489423,0.0,0.02081665999465925,0.0,0.03214550253664415,0.0,3.0
2021-11-10 07:57:00,450.03999999999996,27.52,70.09,24.66300062847179,0.0,0.010000000000000675,0.0,0.05567764362830063,0.0,3.0
2021-11-10 07:58:00,448.205,27.575,70.14500000000001,37.28574057196666,0.0,0.049497474683058526,0.0,0.03535533905932034,0.0,3.0
2021-11-10 07:59:00,462.99333333333334,27.616666666666664,70.04,3.972169852024627,0.0,0.00577350269189716,0.0,0.009999999999999787,0.0,3.0
2021-11-10 08:00:00,467.6166666666666,27.599999999999998,70.00333333333334,6.93507269848943,0.0,0.017320508075688915,0.0,0.14153915830375227,0.0,3.0
2021-11-10 08:01:00,474.57,27.58,69.92,0.0,0.0,0.014142135623731905,0.0,0.014142135623738184,0.0,3.0
2021-11-10 08:02:00,463.5366666666667,27.616666666666664,69.81333333333333,25.52586400757735,0.0,0.020816659994661167,0.0,0.07767453465154214,0.0,3.0
2021-11-10 08:03:00,451.765,27.634999999999998,69.745,42.32034085401489,0.0,0.007071067811867836,0.0,0.035355339059330394,0.0,3.0
2021-11-10 08:04:00,454.96000000000004,27.616666666666664,69.46,33.965516336425665,0.0,0.00577350269189716,0.0,0.08000000000000362,0.0,3.0
2021-11-10 08:05:00,462.99333333333334,27.573333333333334,69.38,3.9721698520246145,0.0,0.01527525231651817,0.0,0.05000000000000959,0.0,3.0
2021-11-10 08:06:00,438.22,27.575,69.465,31.791520882147143,0.0,0.0070710678118640685,0.0,0.0070710678118640685,0.0,3.0
2021-11-10 08:07:00,448.00666666666666,27.606666666666666,69.51666666666667,28.1546964702753,0.0,0.0057735026918953655,0.0,0.005773502691891007,0.0,3.0
2021-11-10 08:08:00,452.62999999999994,27.626666666666665,69.61666666666666,32.13828091233255,0.0,0.0057735026918953655,0.0,0.06658328118479437,0.0,3.0
2021-11-10 08:09:00,460.7,27.64,69.61500000000001,0.0,0.0,0.014142135623729393,0.0,0.007071067811874117,0.0,3.0
2021-11-10 08:10:00,460.7,27.633333333333336,69.65666666666665,0.0,0.0,0.011547005383791756,0.0,0.06110100926607734,0.0,3.0
2021-11-10 08:11:00,441.24666666666667,27.60666666666667,69.60333333333334,23.08316558302463,0.0,0.011547005383791756,0.0,0.07023769168568209,0.0,3.0
2021-11-10 08:12:00,438.22,27.665,69.82,31.791520882147143,0.0,0.007071067811867836,0.0,0.028284271247461298,0.0,3.0
2021-11-10 08:13:00,458.44666666666666,27.67,69.64333333333333,3.9028878197218653,0.0,0.0,0.0,0.04041451884327851,0.0,3.0
2021-11-10 08:14:00,460.7,27.673333333333336,69.53000000000002,0.0,0.0,0.005773502691894596,0.0,0.0360555127546475,0.0,3.0
2021-11-10 08:15:00,460.7,27.695,69.515,0.0,0.0,0.0070710678118640685,0.0,0.0494974746830535,0.0,3.0
2021-11-10 08:16:00,443.7166666666667,27.69333333333333,69.47000000000001,29.4159962152114,0.0,0.005773502691894596,0.0,0.03464101615137783,0.0,3.0
2021-11-10 08:17:00,460.7,27.72,69.39999999999999,0.0,0.0,0.017320508075688915,0.0,0.1389244398944952,0.0,3.0
2021-11-10 08:18:00,435.225,27.69,69.43,36.027090501454566,0.0,0.0,0.0,0.028284271247471345,0.0,3.0
2021-11-10 08:19:00,439.81666666666666,27.72,69.42666666666666,36.17099436473004,0.0,0.019999999999998685,0.0,0.12897028081434903,0.0,3.0
2021-11-10 08:20:00,439.81666666666666,27.77666666666667,69.36333333333334,36.17099436473004,0.0,0.015275252316517395,0.0,0.005773502691905364,0.0,3.0
2021-11-10 08:21:00,429.375,27.775,69.39500000000001,44.30023984133719,0.0,0.007071067811867836,0.0,0.03535533905932034,0.0,3.0
2021-11-10 08:22:00,443.7166666666667,27.80666666666666,69.28333333333335,29.4159962152114,0.0,0.015275252316521272,0.0,0.06658328118479935,0.0,3.0
2021-11-10 08:23:00,435.225,27.845,69.285,36.02709050145461,0.0,0.007071067811867836,0.0,0.0494974746830535,0.0,3.0
2021-11-10 08:24:00,457.32,27.855,69.28,4.780041840821055,0.0,0.02121320343559723,0.0,0.07071067811865074,0.0,3.0
2021-11-10 08:25:00,332.6066666666666,27.863333333333333,69.0,14.153566099514729,0.0,0.005773502691896647,0.0,0.07937253933194072,0.0,3.0
2021-11-10 08:26:00,355.07666666666665,27.853333333333335,68.86666666666666,8.79304459975802,0.0,0.01154700538379227,0.0,0.08621678104251655,0.0,3.0
2021-11-10 08:27:00,365.23,27.87,68.985,0.0,0.0,0.0,0.0,0.0494974746830535,0.0,3.0
2021-11-10 08:28:00,365.23,27.87,69.06333333333333,0.0,0.0,0.0,0.0,0.030550504633039058,0.0,3.0
2021-11-10 08:29:00,340.25,27.893333333333334,69.09,0.0,0.0,0.005773502691894596,0.0,0.03605551275463814,0.0,3.0
2021-11-10 08:30:00,340.25,27.9,69.11500000000001,0.0,0.0,0.0,0.0,0.0777817459305148,0.0,3.0
2021-11-10 08:31:00,329.67333333333335,27.906666666666666,69.23666666666666,18.31932404138683,0.0,0.0057735026918976735,0.0,0.10016652800877299,0.0,3.0
2021-11-10 08:32:00,340.25,27.91,69.37,0.0,0.0,0.0,0.0,0.0,0.0,3.0
2021-11-10 08:33:00,347.56333333333333,27.91,69.23666666666666,113.42838283839426,0.0,0.0,0.0,0.19087517736293977,0.0,3.0
2021-11-10 08:34:00,418.7833333333333,27.899999999999995,69.12,32.68017339815279,0.0,0.0,0.0,0.060000000000002274,0.0,3.0
2021-11-10 08:35:00,407.79,27.9,69.0,37.5615122166294,0.0,0.0,0.0,0.07071067811865074,0.0,3.0
2021-11-10 08:36:00,442.94666666666666,27.913333333333338,69.03333333333333,3.770097257808273,0.0,0.00577350269189716,0.0,0.04932882862316766,0.0,3.0
2021-11-10 08:37:00,447.3,27.923333333333336,69.11333333333334,0.0,0.0,0.0057735026918953655,0.0,0.005773502691905364,0.0,3.0
2021-11-10 08:38:00,450.62,27.945,69.185,4.695189027078666,0.0,0.0070710678118640685,0.0,0.03535533905932034,0.0,3.0
2021-11-10 08:39:00,451.7266666666667,27.94666666666667,69.13333333333334,3.8336057874191156,0.0,0.005773502691894596,0.0,0.02081665999466714,0.0,3.0
2021-11-10 08:40:00,437.56333333333333,27.933333333333334,69.08,34.38607324678601,0.0,0.015275252316517395,0.0,0.05291502622128867,0.0,3.0
2021-11-10 08:41:00,453.94,27.87,69.065,0.0,0.0,0.0,0.0,0.035355339059330394,0.0,3.0
2021-11-10 08:42:00,431.1966666666667,27.843333333333334,68.88666666666667,33.80562132742618,0.0,0.025166114784236235,0.0,0.12662279942147747,0.0,3.0
2021-11-10 08:43:00,431.1966666666667,27.826666666666664,69.02333333333333,33.80562132742619,0.0,0.025166114784237765,0.0,0.09609023536932955,0.0,3.0
2021-11-10 08:44:00,460.7,27.875,69.045,0.0,0.0,0.0070710678118640685,0.0,0.02121320343559723,0.0,3.0
2021-11-10 08:45:00,437.56333333333333,27.87,69.06666666666668,34.38607324678601,0.0,0.009999999999998455,0.0,0.03214550253664895,0.0,3.0
2021-11-10 08:46:00,462.99333333333334,27.903333333333332,69.02666666666667,3.972169852024627,0.0,0.011547005383793552,0.0,0.041633319989322334,0.0,3.0
2021-11-10 08:47:00,467.635,27.91,69.03,9.807571055057418,0.0,0.014142135623733162,0.0,0.45254833995939586,0.0,3.0
2021-11-10 08:48:00,467.6166666666666,27.87,69.07666666666667,6.93507269848943,0.0,0.0,0.0,0.08082903768654999,0.0,3.0
2021-11-10 08:49:00,462.99333333333334,27.853333333333335,68.88666666666666,3.972169852024627,0.0,0.005773502691894596,0.0,0.07023769168568832,0.0,3.0
2021-11-10 08:50:00,460.7,27.915,68.965,0.0,0.0,0.007071067811865324,0.0,0.0494974746830535,0.0,3.0
2021-11-10 08:51:00,460.7,27.88,68.74333333333334,0.0,0.0,0.020000000000000462,0.0,0.12503332889007915,0.0,3.0
2021-11-10 08:52:00,457.32,27.875,68.69999999999999,4.780041840821055,0.0,0.0070710678118640685,0.0,0.14142135623731653,0.0,3.0
2021-11-10 08:53:00,462.99333333333334,27.91333333333333,68.77333333333333,3.9721698520246145,0.0,0.0057735026918976735,0.0,0.025166114784232942,0.0,3.0
2021-11-10 08:54:00,446.3733333333333,27.933333333333337,68.56666666666666,37.473585808317466,0.0,0.005773502691896647,0.0,0.34645827069552204,0.0,3.0
2021-11-10 08:55:00,460.7,27.92,68.14500000000001,0.0,0.0,0.014142135623731905,0.0,0.04949747468306858,0.0,3.0
2021-11-10 08:56:00,445.71333333333337,27.89,68.22000000000001,25.957668102765563,0.0,0.0,0.0,0.08544003745317287,0.0,3.0
2021-11-10 08:57:00,462.99333333333334,27.91,68.44999999999999,3.972169852024627,0.0,0.010000000000000675,0.0,0.026457513110648697,0.0,3.0
2021-11-10 08:58:00,460.7,27.94,68.61500000000001,0.0,0.0,0.0,0.0,0.035355339059330394,0.0,3.0
2021-11-10 08:59:00,440.8066666666667,27.963333333333335,68.54,6.475077863109684,0.0,0.015275252316521661,0.0,0.06557438524301806,0.0,3.0
2021-11-10 09:00:00,421.84,28.01,68.38666666666667,0.0,0.0,0.026457513110647188,0.0,0.09865765724632729,0.0,2.0
2021-11-10 09:01:00,398.825,28.045,68.44,32.548125138016765,0.0,0.007071067811867836,0.0,0.04242640687119446,0.0,2.0
2021-11-10 09:02:00,421.84,28.05333333333333,68.51333333333334,0.0,0.0,0.005773502691894596,0.0,0.015275252316519529,0.0,2.0
2021-11-10 09:03:00,375.81,28.063333333333333,68.21999999999998,0.0,0.0,0.0057735026918976735,0.0,0.18999999999999176,0.0,2.0
2021-11-10 09:04:00,398.825,28.07,68.005,32.548125138016765,0.0,0.0,0.0,0.12020815280171931,0.0,2.0
2021-11-10 09:05:00,402.68666666666667,28.083333333333332,68.07666666666667,28.058056478190572,0.0,0.00577350269189716,0.0,0.10016652800878362,0.0,2.0
2021-11-10 09:06:00,409.8433333333333,28.08666666666667,68.05666666666667,10.213326261964479,0.0,0.0057735026918976735,0.0,0.055075705472859095,0.0,2.0
2021-11-10 09:07:00,365.4,28.115000000000002,68.22999999999999,14.721963184303894,0.0,0.007071067811865324,0.0,0.014142135623733162,0.0,2.0
2021-11-10 09:08:00,411.74666666666667,28.133333333333336,68.16000000000001,3.4583281124458636,0.0,0.015275252316518367,0.0,0.09643650760993118,0.0,2.0
2021-11-10 09:09:00,398.05,28.119999999999997,67.92,0.0,0.0,0.014142135623729393,0.0,0.11313708498984519,0.0,2.0
2021-11-10 09:10:00,392.3500000000001,28.08,67.61666666666666,0.0,0.0,0.0,0.0,0.03055050463303363,0.0,2.0
2021-11-10 09:11:00,398.0833333333333,28.096666666666668,67.66333333333334,5.750072463311492,0.0,0.020816659994661382,0.0,0.19139836293272983,0.0,2.0
2021-11-10 09:12:00,398.05,28.145,67.775,0.0,0.0,0.0070710678118640685,0.0,0.07778174593052485,0.0,2.0
2021-11-10 09:13:00,406.8,28.18,67.735,4.171930009000614,0.0,0.014142135623731905,0.0,0.02121320343559723,0.0,2.0
2021-11-10 09:14:00,407.84666666666664,28.206666666666667,67.62333333333333,8.997279218371174,0.0,0.005773502691898185,0.0,0.02516611478424118,0.0,2.0
2021-11-10 09:15:00,409.75,28.215,67.47999999999999,0.0,0.0,0.0070710678118640685,0.0,0.014142135623733162,0.0,2.0
2021-11-10 09:16:00,407.81333333333333,28.23,67.42666666666668,6.864694700664638,0.0,0.010000000000000675,0.0,0.17039170558843045,0.0,2.0
2021-11-10 09:17:00,413.74333333333334,28.22,67.33,3.4583281124458636,0.0,0.0,0.0,0.040000000000000924,0.0,2.0
2021-11-10 09:18:00,415.74,28.225,67.35499999999999,0.0,0.0,0.007071067811867836,0.0,0.03535533905932034,0.0,2.0
2021-11-10 09:19:00,415.77666666666664,28.22666666666667,67.29333333333334,6.045083401685456,0.0,0.005773502691896135,0.0,0.14189197769195858,0.0,2.0
2021-11-10 09:20:00,400.65333333333336,28.236666666666668,67.44333333333334,26.13087318352245,0.0,0.011547005383791756,0.0,0.041633319989326886,0.0,2.0
2021-11-10 09:21:00,395.775,28.229999999999997,67.64,28.234773772778865,0.0,0.014142135623731905,0.0,0.14142135623730148,0.0,2.0
2021-11-10 09:22:00,419.8066666666666,28.266666666666666,67.63333333333334,3.5218366420566976,0.0,0.025166114784236235,0.0,0.047258156262528085,0.0,2.0
2021-11-10 09:23:00,395.775,28.305,67.62,28.234773772778865,0.0,0.0070710678118640685,0.0,0.05656854249492762,0.0,2.0
2021-11-10 09:24:00,417.7733333333333,28.30666666666667,67.58333333333333,3.5218366420567015,0.0,0.0057735026918953655,0.0,0.09504384952922951,0.0,2.0
2021-11-10 09:25:00,404.4633333333333,28.313333333333333,67.61,25.00125263528474,0.0,0.005773502691896135,0.0,0.010000000000005116,0.0,2.0
2021-11-10 09:26:00,421.84,28.3,67.595,0.0,0.0,0.0,0.0,0.007071067811859044,0.0,2.0
2021-11-10 09:27:00,421.84,28.27,67.87333333333333,0.0,0.0,0.009999999999998899,0.0,0.0850490054811475,0.0,2.0
2021-11-10 09:28:00,380.91333333333336,28.28333333333333,67.81333333333333,38.62866336457078,0.0,0.015275252316521661,0.0,0.05507570547286608,0.0,2.0
2021-11-10 09:29:00,392.35,28.295,67.725,0.0,0.0,0.007071067811865324,0.0,0.09192388155425299,0.0,2.0
2021-11-10 09:30:00,380.1333333333334,28.3,67.55,26.251396788234622,0.0,0.009999999999998455,0.0,0.049999999999993605,0.0,2.0
2021-11-10 09:31:00,398.05,28.31,67.66,0.0,0.0,0.0,0.0,0.0,0.0,3.0
2021-11-10 09:32:00,398.05,28.31,67.66,0.0,0.0,0.0,0.0,0.0,0.0,3.0
2021-11-10 09:33:00,398.05,28.31,67.66,0.0,0.0,0.0,0.0,0.0,0.0,3.0
2021-11-10 09:34:00,398.05,28.31,67.66,0.0,0.0,0.0,0.0,0.0,0.0,3.0
2021-11-10 09:35:00,398.05,28.31,67.66,0.0,0.0,0.0,0.0,0.0,0.0,3.0
2021-11-10 09:36:00,381.155,28.41,67.64,42.108208819658934,0.0,0.028284271247461298,0.0,0.07071067811865074,0.0,3.0
2021-11-10 09:37:00,416.8999999999999,28.423333333333336,67.37333333333333,0.0,0.0,0.005773502691894596,0.0,0.05033222956847412,0.0,3.0
2021-11-10 09:38:00,416.9,28.42,67.47999999999999,0.0,0.0,0.0,0.0,0.05656854249492762,0.0,3.0
2021-11-10 09:39:00,403.45,28.433333333333334,67.46999999999998,18.370054436500723,0.0,0.00577350269189716,0.0,0.043588989435407025,0.0,3.0
2021-11-10 09:40:00,416.9,28.435000000000002,67.445,0.0,0.0,0.007071067811865324,0.0,0.0070710678118640685,0.0,3.0
2021-11-10 09:41:00,410.96000000000004,28.44,67.43333333333332,5.925056961751505,0.0,0.0,0.0,0.0763762615825961,0.0,3.0
2021-11-10 09:42:00,410.96000000000004,28.44,67.25999999999999,5.925056961751498,0.0,0.009999999999998455,0.0,0.08717797887081324,0.0,3.0
2021-11-10 09:43:00,410.93,28.48,67.34,0.0,0.0,0.0,0.0,0.014142135623723113,0.0,3.0
2021-11-10 09:44:00,412.92,28.48,67.40333333333334,3.4467811070620407,0.0,0.010000000000000675,0.0,0.08082903768654794,0.0,3.0
2021-11-10 09:45:00,398.1333333333334,28.483333333333334,67.24000000000001,27.49714954924117,0.0,0.005773502691894596,0.0,0.07000000000000384,0.0,3.0
2021-11-10 09:46:00,388.75,28.485,67.27,31.367256813435258,0.0,0.0070710678118640685,0.0,0.0,0.0,3.0
2021-11-10 09:47:00,407.01,28.50666666666667,67.32333333333332,3.394819582835005,0.0,0.005773502691896135,0.0,0.025166114784232942,0.0,3.0
2021-11-10 09:48:00,410.93,28.51,67.39999999999999,0.0,0.0,0.017320508075689686,0.0,0.04582575694956052,0.0,3.0
2021-11-10 09:49:00,386.175,28.494999999999997,67.425,35.00885673654596,0.0,0.007071067811865324,0.0,0.06363961030679169,0.0,3.0
2021-11-10 09:50:00,394.4266666666667,28.45,67.50666666666666,28.584611827578367,0.0,0.017320508075686095,0.0,0.04509249752823271,0.0,3.0
2021-11-10 09:51:00,375.96333333333337,28.456666666666667,67.67666666666666,25.18979224474336,0.0,0.015275252316517395,0.0,0.06658328118479527,0.0,3.0
2021-11-10 09:52:00,386.175,28.494999999999997,67.695,35.00885673654596,0.0,0.007071067811867836,0.0,0.035355339059330394,0.0,3.0
2021-11-10 09:53:00,381.3566666666666,28.496666666666666,67.91666666666667,25.61125794125181,0.0,0.00577350269189716,0.0,0.06350852961086055,0.0,3.0
2021-11-10 09:54:00,403.1266666666666,28.486666666666668,67.9,3.3313110532241796,0.0,0.011547005383793552,0.0,0.010000000000001563,0.0,3.0
2021-11-10 09:55:00,383.235,28.520000000000003,67.75999999999999,30.851068863169065,0.0,0.014142135623729393,0.0,0.014142135623733162,0.0,3.0
2021-11-10 09:56:00,405.05,28.523333333333337,67.64666666666666,0.0,0.0,0.015275252316519335,0.0,0.09504384952921542,0.0,3.0
2021-11-10 09:57:00,402.16499999999996,28.494999999999997,67.325,4.080006127446427,0.0,0.007071067811865324,0.0,0.0494974746830535,0.0,3.0
2021-11-10 09:58:00,383.31333333333333,28.47666666666667,67.45333333333333,27.655077894183055,0.0,0.0057735026918976735,0.0,0.030550504633039058,0.0,3.0
2021-11-10 09:59:00,383.08,28.46666666666667,67.47,23.31382422512445,0.0,0.0057735026918953655,0.0,0.07211102550927924,0.0,2.0
2021-11-10 10:00:00,396.44,28.475,67.61,4.016366517139555,0.0,0.007071067811865324,0.0,0.05656854249493265,0.0,2.0
2021-11-10 10:01:00,399.28,28.486666666666665,67.59333333333332,0.0,0.0,0.0057735026918953655,0.0,0.10214368964029351,0.0,2.0
2021-11-10 10:02:00,399.31,28.5,67.71333333333334,5.72505895166154,0.0,0.010000000000001563,0.0,0.07023769168567971,0.0,2.0
2021-11-10 10:03:00,399.28,28.52,67.725,0.0,0.0,0.0,0.0,0.049497474683058526,0.0,2.0
2021-11-10 10:04:00,384.97333333333336,28.52,67.77666666666667,24.779873553618717,0.0,0.0,0.0,0.07094598884597644,0.0,2.0
2021-11-10 10:05:00,379.52666666666664,28.53333333333333,67.58,24.375728365186024,0.0,0.005773502691894596,0.0,0.13453624047073107,0.0,2.0
2021-11-10 10:06:00,372.49,28.54,67.495,29.854048301696054,0.0,0.014142135623731905,0.0,0.049497474683058526,0.0,2.0
2021-11-10 10:07:00,380.8633333333333,28.55666666666667,67.42,12.378389771425583,0.0,0.0057735026918953655,0.0,0.19078784028339307,0.0,1.0
2021-11-10 10:08:00,366.57,28.55,67.04666666666667,0.0,0.0,0.010000000000000231,0.0,0.2247962040011705,0.0,1.0
2021-11-10 10:09:00,366.57,28.58,67.38999999999999,0.0,0.0,0.028284271247465066,0.0,0.09899494936611203,0.0,1.0
2021-11-10 10:10:00,355.1266666666666,28.613333333333333,66.89666666666666,19.820434741279836,0.0,0.00577350269189716,0.0,0.01527525231651914,0.0,1.0
2021-11-10 10:11:00,355.1266666666667,28.653333333333332,66.91666666666667,19.820434741279843,0.0,0.00577350269189716,0.0,0.09504384952922233,0.0,3.0
2021-11-10 10:12:00,344.85,28.685000000000002,66.92,30.71671857474364,0.0,0.007071067811865324,0.0,0.028284271247456274,0.0,3.0
2021-11-10 10:13:00,345.71333333333337,28.703333333333333,66.61666666666667,27.20474468421518,0.0,0.015275252316518367,0.0,0.11150485789119487,0.0,3.0
2021-11-10 10:14:00,361.42,28.71,66.36500000000001,0.0,0.0,0.0,0.0,0.007071067811874117,0.0,3.0
2021-11-10 10:15:00,359.73333333333335,28.69333333333333,66.51,2.9213923620994997,0.0,0.0057735026918953655,0.0,0.15524174696260287,0.0,3.0
2021-11-10 10:16:00,358.0466666666666,28.683333333333337,66.21333333333332,2.9213923620995157,0.0,0.005773502691898185,0.0,0.09504384952921735,0.0,3.0
2021-11-10 10:17:00,330.685,28.675,66.16,29.26714967331119,0.0,0.0070710678118640685,0.0,0.18384776310850096,0.0,3.0
2021-11-10 10:18:00,358.89,28.695,66.045,3.577960312803952,0.0,0.0070710678118640685,0.0,0.1626345596728987,0.0,3.0
2021-11-10 10:19:00,358.89,28.695,66.045,0.0,0.0,0.0,0.0,0.0,0.0,3.0
2021-11-10 10:20:00,358.89,28.695,66.045,0.0,0.0,0.0,0.0,0.0,0.0,3.0
2021-11-10 10:21:00,339.16,28.7,66.81,0.0,0.0,0.0,0.0,0.0,0.0,2.0
2021-11-10 10:22:00,372.4266666666667,28.736666666666665,66.42333333333333,29.309647444712336,0.0,0.015275252316518656,0.0,0.2902297940138727,0.0,2.0
2021-11-10 10:23:00,359.09,28.72666666666667,66.25333333333333,29.07547592043853,0.0,0.015275252316518367,0.0,0.17953644012660497,0.0,2.0
2021-11-10 10:24:00,363.11,28.705,66.305,0.0,0.0,0.007071067811867836,0.0,0.021213203435582157,0.0,2.0
2021-11-10 10:25:00,431.29333333333335,28.673333333333332,65.78000000000002,51.136400277427974,0.0,0.01527525231651817,0.0,0.04582575694955006,0.0,2.0
2021-11-10 10:26:00,494.49333333333334,28.636666666666667,65.74000000000001,7.105099107917721,0.0,0.011547005383793552,0.0,0.043588989435407025,0.0,2.0
2021-11-10 10:27:00,494.45,28.62,65.84,0.0,0.0,0.0,0.0,0.0,0.0,2.0
2021-11-10 10:28:00,494.45,28.62,65.84,0.0,0.0,0.0,0.0,0.0,0.0,2.0
2021-11-10 10:29:00,346.48,28.67,65.97,0.0,0.0,0.0,0.0,0.0,0.0,2.0
2021-11-10 10:30:00,418.92333333333335,28.650000000000002,65.85666666666667,3.504516133981049,0.0,0.010000000000001563,0.0,0.06658328118479705,0.0,1.0
2021-11-10 10:31:00,413.4433333333333,28.633333333333336,66.06,23.893271716810457,0.0,0.00577350269189716,0.0,0.062449979983984924,0.0,1.0
2021-11-10 10:32:00,399.71,28.64,66.08500000000001,24.3103311371935,0.0,0.0,0.0,0.049497474683058526,0.0,1.0
2021-11-10 10:33:00,377.68,28.646666666666665,66.18333333333334,23.842573267162255,0.0,0.0057735026918953655,0.0,0.0737111479583133,0.0,1.0
2021-11-10 10:34:00,390.64000000000004,28.66333333333333,66.16333333333333,27.858190896036273,0.0,0.0057735026918976735,0.0,0.06429100507327708,0.0,1.0
2021-11-10 10:35:00,393.6,28.655,66.11,0.0,0.0,0.007071067811865324,0.0,0.14142135623730148,0.0,1.0
2021-11-10 10:36:00,379.52666666666664,28.663333333333338,66.18666666666667,24.37572836518601,0.0,0.00577350269189716,0.0,0.06429100507328979,0.0,1.0
2021-11-10 10:37:00,393.6000000000001,28.669999999999998,66.21,0.0,0.0,0.010000000000001563,0.0,0.06244997998398834,0.0,1.0
2021-11-10 10:38:00,390.805,28.69,66.17,3.9527269068328232,0.0,0.0,0.0,0.04242640687119446,0.0,1.0
2021-11-10 10:39:00,370.9766666666667,28.723333333333333,66.01333333333334,29.502598755589837,0.0,0.011547005383793552,0.0,0.047258156262528585,0.0,1.0
2021-11-10 10:40:00,367.245,28.735,66.015,29.3661446226773,0.0,0.0070710678118640685,0.0,0.02121320343559723,0.0,1.0
2021-11-11 06:45:00,360.585,27.035,72.47,49.504545750870186,0.0,0.0070710678118640685,0.0,0.014142135623738184,0.0,1.0
2021-11-11 06:46:00,395.59,27.05,72.5,0.0,0.0,0.0,0.0,0.028284271247456274,0.0,1.0
2021-11-11 06:47:00,378.3966666666666,27.06,72.51333333333332,29.77972688480088,0.0,0.0,0.0,0.058594652770830286,0.0,1.0
2021-11-11 06:48:00,395.59,27.055,72.57,0.0,0.0,0.0070710678118640685,0.0,0.042426406871179385,0.0,1.0
2021-11-11 06:49:00,379.7733333333333,27.06,72.54666666666667,22.766629819394286,0.0,0.0,0.0,0.037859388972002424,0.0,1.0
2021-11-11 06:50:00,397.46999999999997,27.06,72.66333333333334,3.256255518229494,0.0,0.0,0.0,0.025166114784230358,0.0,1.0
2021-11-11 06:51:00,372.62,27.04,72.78,40.46065001949427,0.0,0.014142135623729393,0.0,0.11313708498984519,0.0,1.0
2021-11-11 06:52:00,383.5,27.02333333333333,72.82666666666667,25.97838909555401,0.0,0.00577350269189716,0.0,0.08504900548115166,0.0,1.0
2021-11-11 06:53:00,398.40999999999997,27.055,72.735,3.988082245892179,0.0,0.0070710678118640685,0.0,0.0494974746830535,0.0,1.0
2021-11-11 06:54:00,395.59,27.05,72.8,3.988082245892179,0.0,0.0070710678118640685,0.0,0.0494974746830535,0.0,1.0
2021-11-11 06:55:00,395.59,27.025,72.935,0.0,0.0,0.007071067811865324,0.0,0.16263455967290372,0.0,1.0
2021-11-11 06:56:00,379.625,27.025,72.9,22.57791952328643,0.0,0.007071067811867836,0.0,0.0,0.0,1.0
2021-11-11 06:57:00,346.87,27.005000000000003,73.27,23.744645712244296,0.0,0.007071067811865324,0.0,0.08485281374238891,0.0,1.0
2021-11-11 06:58:00,364.64000000000004,27.046666666666667,73.09666666666666,30.049585687659675,0.0,0.015275252316519335,0.0,0.02516611478424118,0.0,1.0
2021-11-11 06:59:00,376.6,27.06,73.155,3.733523804665012,0.0,0.0,0.0,0.02121320343559723,0.0,1.0
2021-11-11 07:00:00,357.8333333333333,27.076666666666668,73.07333333333332,27.93220602339409,0.0,0.01527525231651817,0.0,0.046188021535167025,0.0,1.0
2021-11-11 07:01:00,352.40999999999997,27.06,73.275,37.94334987847014,0.0,0.0,0.0,0.06363961030678666,0.0,1.0
2021-11-11 07:02:00,376.6,27.09,73.235,3.733523804664972,0.0,0.0,0.0,0.007071067811859044,0.0,1.0
2021-11-11 07:03:00,377.50666666666666,27.096666666666664,73.25333333333333,6.143006864177643,0.0,0.015275252316519916,0.0,0.11590225767142986,0.0,1.0
2021-11-11 07:04:00,381.92,27.174999999999997,73.295,3.7900923471599044,0.0,0.06363961030679044,0.0,0.06363961030679169,0.0,1.0
2021-11-11 07:05:00,365.12,27.195,73.16499999999999,43.091087245508184,0.0,0.0070710678118640685,0.0,0.06363961030677662,0.0,1.0
2021-11-11 07:06:00,395.59,27.183333333333337,73.19333333333334,0.0,0.0,0.005773502691896647,0.0,0.03785938897199585,0.0,1.0
2021-11-11 07:07:00,363.82,27.2,73.10499999999999,14.340125522463165,0.0,0.0,0.0,0.007071067811874117,0.0,1.0
2021-11-11 07:08:00,373.96,27.2,73.135,0.0,0.0,0.028284271247461298,0.0,0.02121320343559723,0.0,1.0
2021-11-11 07:09:00,368.77,27.179999999999996,73.07333333333332,0.0,0.0,0.0,0.0,0.04725815626252344,0.0,1.0
2021-11-11 07:10:00,368.77,27.18,73.02,0.0,0.0,0.0,0.0,0.04725815626252344,0.0,1.0
2021-11-17 06:16:00,370.34000000000003,25.924999999999997,70.785,35.114922753723945,0.0,0.03535533905932662,0.0,0.28991378028648207,0.0,1.0
2021-11-17 06:17:00,391.65333333333336,25.86,70.89,6.091045339950567,0.0,0.019999999999998685,0.0,0.11135528725659456,0.0,1.0
2021-11-17 06:18:00,374.39,25.805,71.32499999999999,0.0,0.0,0.0070710678118640685,0.0,0.12020815280171931,0.0,1.0
2021-11-17 06:19:00,347.74,25.756666666666664,71.69666666666666,24.895375072490886,0.0,0.015275252316520788,0.0,0.1800925687898711,0.0,1.0
2021-11-17 06:20:00,351.70666666666665,25.709999999999997,71.85000000000001,2.7135462651912508,0.0,0.0,0.0,0.08717797887081324,0.0,1.0
2021-11-17 06:21:00,345.51,25.725,71.83500000000001,0.0,0.0,0.007071067811865324,0.0,0.06363961030677662,0.0,1.0
2021-11-17 06:22:00,350.16333333333324,25.74333333333333,71.83333333333333,4.665043765425264,0.0,0.00577350269189716,0.0,0.10066445913694448,0.0,1.0
2021-11-17 06:23:00,350.14,25.74,72.14,0.0,0.0,0.0,0.0,0.04242640687119446,0.0,1.0
2021-11-17 06:24:00,325.9,25.74,72.00999999999999,21.283914113715078,0.0,0.0,0.0,0.028284271247461298,0.0,1.0
2021-11-17 06:25:00,329.56666666666666,25.73,72.05333333333333,19.71651169282571,0.0,0.0,0.0,0.0680685928555371,0.0,1.0
2021-11-17 06:26:00,336.45,25.72,72.3,0.0,0.0,0.0,0.0,0.09539392014168825,0.0,1.0
2021-11-17 06:27:00,338.7,25.73,72.22,3.181980515339464,0.0,0.0,0.0,0.11313708498984519,0.0,1.0
2021-11-17 06:28:00,343.99,25.723333333333333,72.31666666666666,2.632717227504674,0.0,0.005773502691898185,0.0,0.02081665999465946,0.0,1.0
2021-11-17 06:29:00,345.51,25.715,72.505,0.0,0.0,0.0070710678118640685,0.0,0.1767766952966369,0.0,1.0
2021-11-17 06:30:00,348.59666666666664,25.723333333333333,72.39,2.673131746347969,0.0,0.00577350269189716,0.0,0.07211102550927924,0.0,1.0
2021-11-17 06:31:00,353.2733333333333,25.736666666666665,72.29333333333334,2.7135462651912343,0.0,0.0057735026918953655,0.0,0.040414518843274704,0.0,1.0
2021-11-17 06:32:00,345.51,25.755000000000003,72.42,0.0,0.0,0.007071067811867836,0.0,0.08485281374238891,0.0,1.0
2021-11-17 06:33:00,350.14000000000004,25.746666666666666,72.46666666666667,0.0,0.0,0.00577350269189716,0.0,0.09504384952922047,0.0,1.0
2021-11-17 06:34:00,332.6066666666666,25.703333333333333,72.69666666666667,22.349228920330404,0.0,0.020816659994661167,0.0,0.11372481406155308,0.0,1.0
2021-11-17 06:35:00,319.255,25.68,72.89,11.886464991745886,0.0,0.014142135623731905,0.0,0.05656854249493265,0.0,1.0
2021-11-17 06:36:00,350.30333333333334,25.67,73.03333333333335,12.233079470572154,0.0,0.0,0.0,0.050332229568470825,0.0,1.0
2021-11-17 06:37:00,261.3666666666667,25.676666666666666,73.08,26.42863283133151,0.0,0.0057735026918953655,0.0,0.06999999999999977,0.0,1.0
2021-11-17 06:38:00,260.08,25.69,72.92,28.255986976214434,0.0,0.0,0.0,0.04242640687119446,0.0,1.0
2021-11-17 06:39:00,277.66,25.706666666666667,72.91,2.078460969082662,0.0,0.005773502691898185,0.0,0.0400000000000027,0.0,1.0
2021-11-17 06:40:00,281.31666666666666,25.72,72.91666666666667,5.591925726736137,0.0,0.0,0.0,0.015275252316523404,0.0,1.0
2021-11-17 06:41:00,281.31666666666666,25.72,72.91666666666667,5.591925726736137,0.0,0.0,0.0,0.015275252316523404,0.0,1.0
2021-11-17 06:42:00,281.31666666666666,25.72,72.91666666666667,5.591925726736137,0.0,0.0,0.0,0.015275252316523404,0.0,1.0
2021-11-17 06:43:00,382.275,25.81,72.78,40.99098010538416,0.0,0.0,0.0,0.014142135623738184,0.0,1.0
2021-11-17 06:44:00,410.59,25.81,72.73333333333333,33.939362103610634,0.0,0.0,0.0,0.04041451884327719,0.0,1.0
2021-11-17 06:45:00,374.095,25.8,72.755,16.708933239438174,0.0,0.0,0.0,0.049497474683058526,0.0,1.0
2021-11-17 06:46:00,386.0,25.773333333333337,72.80333333333333,41.70314496533807,0.0,0.011547005383790731,0.0,0.08020806277010509,0.0,1.0
2021-11-17 06:47:00,392.64000000000004,25.766666666666666,72.91666666666667,12.592938497427848,0.0,0.0057735026918953655,0.0,0.037859388971997573,0.0,1.0
2021-11-17 06:48:00,369.855,25.785,72.89500000000001,29.66312947077564,0.0,0.0070710678118640685,0.0,0.035355339059330394,0.0,1.0
2021-11-17 06:49:00,390.83,25.78333333333333,72.87666666666667,0.0,0.0,0.011547005383791756,0.0,0.05033222956847812,0.0,1.0
2021-11-17 06:50:00,365.98999999999995,25.75666666666667,73.09666666666665,25.296744849881392,0.0,0.02516611478423706,0.0,0.2122105872319622,0.0,1.0
2021-11-17 06:51:00,371.83500000000004,25.725,73.285,19.905055890401318,0.0,0.007071067811867836,0.0,0.0494974746830535,0.0,1.0
2021-11-17 06:52:00,360.8,25.75,73.32666666666667,5.265434455009394,0.0,0.019999999999998685,0.0,0.06506407098647472,0.0,1.0
2021-11-17 06:53:00,360.8,25.75,73.32666666666667,5.265434455009394,0.0,0.019999999999998685,0.0,0.06506407098647472,0.0,1.0
2021-11-17 06:54:00,360.8,25.75,73.32666666666667,5.265434455009394,0.0,0.019999999999998685,0.0,0.06506407098647472,0.0,1.0
2021-11-17 06:55:00,360.8,25.75,73.32666666666667,5.265434455009394,0.0,0.019999999999998685,0.0,0.06506407098647472,0.0,1.0
2021-11-17 06:56:00,382.41499999999996,25.814999999999998,73.22,37.059466401986995,0.0,0.007071067811867836,0.0,0.05656854249491757,0.0,1.0
2021-11-17 06:57:00,413.49,25.823333333333334,73.22000000000001,39.47670578961723,0.0,0.0057735026918953655,0.0,0.060827625302981775,0.0,1.0
2021-11-17 06:58:00,437.995,25.835,73.22,3.9244426355853066,0.0,0.007071067811865324,0.0,0.014142135623738184,0.0,1.0
2021-11-17 06:59:00,407.7866666666667,25.856666666666666,73.23333333333333,30.87586813894198,0.0,0.01154700538379227,0.0,0.015275252316519529,0.0,1.0
2021-11-17 07:00:00,404.64333333333326,25.87,73.13666666666667,34.61967841175498,0.0,0.009999999999998455,0.0,0.04041451884327851,0.0,1.0
2021-11-17 07:01:00,348.93,25.884999999999998,73.13,42.58197036305391,0.0,0.007071067811867836,0.0,0.028284271247461298,0.0,1.0
2021-11-17 07:02:00,364.4066666666667,25.906666666666666,73.01666666666667,27.271010860130094,0.0,0.015275252316520013,0.0,0.06506407098647474,0.0,1.0
2021-11-17 07:03:00,369.72,25.923333333333336,73.01333333333334,0.0,0.0,0.005773502691894596,0.0,0.015275252316519529,0.0,1.0
2021-11-17 07:04:00,369.72,25.925,73.08,0.0,0.0,0.0070710678118640685,0.0,0.014142135623738184,0.0,1.0
2021-11-17 07:05:00,371.2633333333333,25.929999999999996,73.05999999999999,2.673131746347969,0.0,0.0,0.0,0.03605551275464159,0.0,1.0
2021-11-17 07:06:00,368.1966666666667,25.926666666666666,73.14666666666666,2.6384907301966103,0.0,0.0057735026918953655,0.0,0.06658328118479091,0.0,1.0
2021-11-17 07:07:00,322.75,25.94,73.08,2.6384907301966103,0.0,0.0057735026918953655,0.0,0.06658328118479091,0.0,1.0
2021-11-17 07:08:00,322.75,25.94,73.08,2.6384907301966103,0.0,0.0057735026918953655,0.0,0.06658328118479091,0.0,1.0
2021-11-17 07:09:00,322.75,25.94,73.08,2.6384907301966103,0.0,0.0057735026918953655,0.0,0.06658328118479091,0.0,1.0
2021-11-17 07:10:00,413.375,25.994999999999997,73.07,46.7751135754901,0.0,0.007071067811867836,0.0,0.042426406871179385,0.0,2.0
2021-11-17 07:11:00,423.3333333333333,26.040000000000003,73.02,16.64077021454635,0.0,0.019999999999998685,0.0,0.026457513110648697,0.0,2.0
2021-11-17 07:12:00,438.28999999999996,26.08,72.895,11.53998266896443,0.0,0.0,0.0,0.06363961030679169,0.0,2.0
2021-11-17 07:13:00,398.60666666666674,26.093333333333334,72.83,29.539722973198877,0.0,0.00577350269189716,0.0,0.04358898943540458,0.0,2.0
2021-11-17 07:14:00,398.1166666666666,26.086666666666662,72.69333333333333,18.773269116840925,0.0,0.02309401076758787,0.0,0.02081665999465633,0.0,2.0
2021-11-17 07:15:00,419.62,26.11,72.66,18.773269116840925,0.0,0.02309401076758787,0.0,0.02081665999465633,0.0,2.0
2021-11-17 07:16:00,424.8633333333334,26.113333333333333,72.66000000000001,5.2550388517434445,0.0,0.00577350269189716,0.0,0.026457513110636613,0.0,2.0
2021-11-17 07:17:00,407.56,26.14,72.69,31.918800102760745,0.0,0.014142135623729393,0.0,0.014142135623723113,0.0,2.0
2021-11-17 07:18:00,437.33666666666664,26.17,72.65666666666668,6.241156409939852,0.0,0.020000000000000906,0.0,0.02081665999466259,0.0,2.0
2021-11-17 07:19:00,448.34,26.213333333333335,72.65666666666668,6.408587988004855,0.0,0.005773502691894596,0.0,0.12662279942148016,0.0,2.0
2021-11-17 07:20:00,441.08500000000004,26.22,72.55000000000001,15.492709575797294,0.0,0.0,0.0,0.09899494936612208,0.0,2.0
2021-11-29 06:58:00,388.7866666666667,25.74,65.67666666666668,25.58200995491428,0.0,0.020000000000000906,0.0,0.100166528008777,0.0,1.0
2021-11-29 06:59:00,403.515,25.72,65.81,23.850711729422258,0.0,0.0,0.0,0.028284271247456274,0.0,1.0
2021-11-29 07:00:00,409.1366666666666,25.736666666666665,66.04333333333334,19.474024579766088,0.0,0.0057735026918953655,0.0,0.058594652770824936,0.0,1.0
2021-11-29 07:01:00,430.59,25.796666666666667,66.0,0.0,0.0,0.025166114784236235,0.0,0.04000000000000625,0.0,1.0
2021-11-29 07:02:00,391.28,25.86,65.855,0.0,0.0,0.028284271247461298,0.0,0.02121320343559723,0.0,2.0
2021-11-29 07:03:00,404.38333333333327,25.903333333333336,65.75333333333333,22.69563908184418,0.0,0.015275252316520788,0.0,0.025166114784232942,0.0,2.0
2021-11-29 07:04:00,410.93499999999995,25.92,65.74000000000001,27.796367568443205,0.0,0.0,0.0,0.028284271247471345,0.0,2.0
2021-11-29 07:05:00,419.2233333333333,25.96666666666667,65.70333333333333,24.33944192731902,0.0,0.04163331998932042,0.0,0.015275252316523404,0.0,2.0
2021-11-29 07:06:00,420.78999999999996,26.05333333333333,65.61666666666666,21.643430874055078,0.0,0.015275252316518656,0.0,0.0642910050732861,0.0,1.0
2021-11-29 07:07:00,415.89,26.08,65.455,28.156992026848297,0.0,0.014142135623729393,0.0,0.06363961030679169,0.0,1.0
2021-11-29 07:08:00,442.85999999999996,26.076666666666664,65.41666666666667,3.0830504374726115,0.0,0.015275252316520013,0.0,0.0503322295684673,0.0,1.0
2021-11-29 07:09:00,412.59666666666664,26.039999999999996,65.42666666666666,24.78136060294778,0.0,0.019999999999998685,0.0,0.051316014394467056,0.0,1.0
2021-11-29 07:10:00,433.195,26.02,65.49000000000001,3.6840263299819385,0.0,0.0,0.0,0.05656854249491757,0.0,1.0
2021-11-29 07:11:00,435.8,26.006666666666664,65.56333333333333,0.0,0.0,0.015275252316520788,0.0,0.08504900548115166,0.0,1.0
2021-11-29 07:12:00,422.52666666666664,26.003333333333334,65.67333333333333,22.990087719130894,0.0,0.01154700538379432,0.0,0.015275252316520304,0.0,1.0
2021-11-29 07:13:00,405.83,26.04,65.655,20.57680733252855,0.0,0.0,0.0,0.02121320343559723,0.0,1.0
2021-11-29 07:14:00,437.56,26.066666666666666,65.55666666666666,3.048409421321208,0.0,0.025166114784236235,0.0,0.03055050463303363,0.0,1.0
2021-11-29 07:15:00,420.96000000000004,26.13,65.58,25.703633984322153,0.0,0.043588989435407434,0.0,0.052915026221294716,0.0,2.0
2021-11-29 07:16:00,446.42,26.16,65.47999999999999,0.0,0.0,0.0,0.0,0.014142135623723113,0.0,2.0
2021-11-29 07:17:00,451.84,26.166666666666668,65.48,0.0,0.0,0.011547005383791756,0.0,0.020000000000008455,0.0,2.0
2021-11-29 07:18:00,455.52,26.186666666666667,65.47666666666666,6.3739469718534805,0.0,0.005773502691896135,0.0,0.011547005383791243,0.0,2.0
2021-11-29 07:19:00,457.32,26.21,65.475,0.0,0.0,0.014142135623729393,0.0,0.02121320343559723,0.0,2.0
2021-11-29 07:20:00,461.02666666666664,26.263333333333335,65.48,3.210067496694296,0.0,0.015275252316518656,0.0,0.009999999999999787,0.0,2.0
2021-11-29 07:21:00,431.20666666666665,26.30333333333333,65.46333333333332,27.42991128919911,0.0,0.005773502691894596,0.0,0.015275252316521467,0.0,2.0
2021-11-29 07:22:00,441.63,26.34,65.615,30.05203820042827,0.0,0.0,0.0,0.13435028842544242,0.0,3.0
2021-11-29 07:23:00,462.87999999999994,26.363333333333333,65.67666666666666,0.0,0.0,0.005773502691898185,0.0,0.06110100926608005,0.0,3.0
2021-11-29 07:24:00,427.08,26.36,65.59,50.62884553295682,0.0,0.0,0.0,0.014142135623733162,0.0,3.0
2021-11-29 07:25:00,441.3733333333334,26.38,65.61666666666667,18.980056199425064,0.0,0.009999999999998899,0.0,0.07505553499464897,0.0,2.0
2021-11-29 07:26:00,421.06333333333333,26.419999999999998,65.58,28.361865829548886,0.0,0.017320508075689686,0.0,0.017320508075690456,0.0,2.0
2021-11-29 07:27:00,451.84,26.46,65.5,0.0,0.0,0.0,0.0,0.07071067811865074,0.0,2.0
2021-11-29 07:28:00,450.05333333333334,26.476666666666663,65.54333333333334,6.293117934166908,0.0,0.011547005383790731,0.0,0.07637626158260036,0.0,2.0
2021-11-29 07:29:00,443.33666666666664,26.47666666666667,65.52,24.219843792504793,0.0,0.005773502691896135,0.0,0.026457513110651386,0.0,2.0
2021-11-29 07:30:00,457.32,26.5,65.54,24.219843792504793,0.0,0.005773502691896135,0.0,0.026457513110651386,0.0,3.0
2021-11-29 07:31:00,432.99666666666667,26.49,65.46999999999998,28.074854110633094,0.0,0.009999999999998455,0.0,0.09165151389910864,0.0,3.0
2021-11-29 07:32:00,431.135,26.485,65.685,29.28129180893491,0.0,0.0070710678118640685,0.0,0.20506096654409317,0.0,3.0
2021-11-29 07:33:00,450.08,26.50666666666667,65.69333333333333,8.26181578104959,0.0,0.0057735026918976735,0.0,0.07767453465154199,0.0,3.0
2021-11-29 07:34:00,450.08,26.55,65.55,8.26181578104959,0.0,0.009999999999998455,0.0,0.062449979983984924,0.0,3.0
2021-11-29 07:35:00,408.05,26.58,65.4,10.352043276571045,0.0,0.014142135623729393,0.0,0.014142135623733162,0.0,3.0
2021-11-29 07:36:00,439.8633333333333,26.546666666666667,65.73666666666666,25.636856931639112,0.0,0.020816659994661167,0.0,0.30369941279714313,0.0,3.0
2021-11-29 07:37:00,554.9366666666666,26.580000000000002,66.18666666666667,95.18036789870763,0.0,0.019999999999999574,0.0,0.22188585654189646,0.0,3.0
2021-11-29 07:38:00,420.38,26.69,66.03,95.18036789870763,0.0,0.019999999999999574,0.0,0.22188585654189646,0.0,3.0
2021-11-29 07:39:00,407.26,26.736666666666665,65.60333333333332,10.076194718245548,0.0,0.0057735026918953655,0.0,0.09451631252504401,0.0,3.0
2021-11-29 07:40:00,425.485,26.765,65.53,7.219560235914616,0.0,0.0070710678118640685,0.0,0.05656854249492762,0.0,3.0
2021-11-29 07:41:00,427.18666666666667,26.78,65.34666666666666,5.894746248426047,0.0,0.0,0.0,0.27970222261063976,0.0,3.0
2021-11-29 07:42:00,476.15000000000003,26.80666666666667,64.96333333333332,3.3428580586079164,0.0,0.0057735026918953655,0.0,0.11930353445449239,0.0,3.0
2021-11-29 07:43:00,485.87,26.82,64.945,0.0,0.0,0.0,0.0,0.0070710678118640685,0.0,3.0
2021-11-29 07:44:00,497.83,26.840000000000003,64.95666666666666,0.0,0.0,0.010000000000000675,0.0,0.05507570547285566,0.0,3.0
2021-11-29 07:45:00,474.53000000000003,26.87,64.97,20.178391908177414,0.0,0.009999999999998455,0.0,0.1374772708486804,0.0,3.0
2021-11-29 07:46:00,486.22,26.895,64.85499999999999,25.031580054003825,0.0,0.0070710678118640685,0.0,0.07778174593052485,0.0,3.0
2021-11-29 07:47:00,520.5966666666667,26.919999999999998,64.98,3.6604007066622293,0.0,0.010000000000001563,0.0,0.06082762530298615,0.0,3.0
2021-11-29 07:48:00,508.6933333333333,26.95,64.88333333333333,30.027927556415424,0.0,0.020000000000000462,0.0,0.06658328118479269,0.0,3.0
2021-11-29 07:49:00,529.15,26.979999999999997,64.95,0.0,0.0,0.014142135623731905,0.0,0.04242640687119446,0.0,3.0
2021-11-29 07:50:00,531.3233333333333,27.02,65.04666666666667,3.764323755116366,0.0,0.020000000000000462,0.0,0.14571661996262306,0.0,3.0
2021-11-29 07:51:00,533.4966666666666,27.05666666666667,64.94333333333334,3.764323755116341,0.0,0.011547005383791756,0.0,0.10263202878893203,0.0,3.0
2021-11-29 07:52:00,535.67,27.09,64.86500000000001,0.0,0.0,0.0,0.0,0.19091883092037004,0.0,3.0
2021-11-29 07:53:00,537.8733333333333,27.093333333333334,64.92666666666666,3.8162852793434343,0.0,0.00577350269189716,0.0,0.16563010998406366,0.0,3.0
2021-11-29 07:54:00,519.07,27.123333333333335,64.61333333333333,28.752043405643345,0.0,0.005773502691894596,0.0,0.10016652800877629,0.0,3.0
2021-11-29 07:55:00,529.15,27.125,64.315,0.0,0.0,0.0070710678118640685,0.0,0.21920310216783134,0.0,3.0
2021-11-29 07:56:00,516.8966666666666,27.143333333333334,64.46,27.066919539048623,0.0,0.005773502691894596,0.0,0.09165151389912221,0.0,3.0
2021-11-29 07:57:00,498.46500000000003,27.15,64.365,34.2876078197357,0.0,0.0,0.0,0.02121320343559723,0.0,3.0
2021-11-29 07:58:00,512.5766666666667,27.166666666666668,64.43666666666667,23.351722277667967,0.0,0.011547005383791756,0.0,0.040414518843275724,0.0,3.0
2021-11-29 07:59:00,512.77,27.19666666666667,64.42333333333333,28.370992227978203,0.0,0.0057735026918953655,0.0,0.047258156262517934,0.0,3.0
2021-11-29 08:00:00,498.46500000000003,27.225,64.18,34.2876078197357,0.0,0.007071067811865324,0.0,0.042426406871179385,0.0,3.0
2021-11-29 08:01:00,504.4333333333334,27.22,64.05333333333333,26.35684035185806,0.0,0.0,0.0,0.05773502691896852,0.0,3.0
2021-11-29 08:02:00,502.5333333333333,27.233333333333334,63.93333333333334,29.62649208619429,0.0,0.0057735026918953655,0.0,0.1258305739211786,0.0,3.0
2021-11-29 08:03:00,522.71,27.245,63.985,0.0,0.0,0.02121320343559723,0.0,0.07778174593052736,0.0,3.0
2021-11-29 08:04:00,419.05999999999995,27.296666666666667,64.26,20.426519527320355,0.0,0.0057735026918976735,0.0,0.20880613017821148,0.0,3.0
2021-11-29 08:05:00,452.47333333333336,27.28333333333333,64.04,27.79364195878858,0.0,0.0057735026918953655,0.0,0.14106735979665785,0.0,3.0
2021-11-29 08:06:00,460.1,27.285,64.105,3.931513703397226,0.0,0.0070710678118640685,0.0,0.21920310216783134,0.0,3.0
2021-11-29 08:07:00,437.67333333333335,27.293333333333333,64.17,12.268693220279555,0.0,0.00577350269189716,0.0,0.18520259177452128,0.0,3.0
2021-11-29 08:08:00,439.83,27.30666666666667,64.14999999999999,25.365293217307773,0.0,0.0057735026918953655,0.0,0.07211102550928317,0.0,3.0
2021-11-29 08:09:00,412.925,27.310000000000002,64.525,86.68422030565888,0.0,0.014142135623729393,0.0,0.16263455967291376,0.0,3.0
2021-11-29 08:10:00,405.99,27.343333333333334,64.15333333333332,22.43728147525897,0.0,0.01154700538379432,0.0,0.0493288286231577,0.0,3.0
2021-11-29 08:11:00,427.3666666666666,27.37,64.05666666666667,15.577163841127591,0.0,0.020000000000000462,0.0,0.11015141094572335,0.0,3.0
