406.415,27.107,70.341,36.623,-1.128,0.02,3.214,0.265,0.757,3.0
432.95,27.126,70.95,26.378,2.867,0.021,-0.907,0.179,-0.317,3.0
395.333,27.197,71.473,33.734,-0.893,0.031,-1.035,0.25,2.791,3.0
392.259,27.274,71.661,33.5,-0.395,0.022,-0.41,0.129,3.841,3.0
405.088,27.359,71.662,35.288,0.44,0.034,-1.388,0.106,-0.648,3.0
375.299,27.47,71.693,37.144,-0.176,0.016,0.551,0.129,0.731,3.0
318.43,27.531,71.59,44.705,-0.06,0.031,-1.178,0.149,-1.098,3.0
305.501,27.653,71.265,27.506,-0.6,0.053,-1.227,0.072,1.394,3.0
321.594,27.834,71.217,30.386,-1.448,0.05,-1.044,0.102,0.389,3.0
360.916,28.027,70.992,65.147,-1.121,0.043,-0.57,0.201,-0.589,2.0
523.882,28.2,70.604,77.934,7.068,0.069,-1.177,0.089,0.839,2.0
573.817,28.405,70.423,26.76,-0.223,0.036,0.216,0.159,0.64,2.0
580.315,28.512,69.621,21.398,2.17,0.044,-1.486,0.269,-0.932,3.0
582.044,28.612,68.713,25.948,1.036,0.043,-1.16,0.234,-0.559,3.0
582.173,28.803,68.065,28.665,-1.108,0.062,-1.132,0.206,-0.782,3.0
637.187,28.99,68.036,72.105,1.025,0.043,0.466,0.169,-0.326,1.0
693.495,29.03,67.785,8.832,1.025,0.0,0.466,0.078,-0.326,1.0
384.641,27.311,67.242,23.537,0.532,0.046,-1.539,0.037,-1.013,1.0
382.652,27.468,67.121,17.565,3.715,0.033,-0.478,0.051,1.365,2.0
387.166,27.696,67.039,17.385,1.255,0.071,-1.054,0.146,1.656,3.0
379.159,27.925,66.463,22.17,-0.279,0.059,-0.878,0.177,0.498,3.0
357.666,28.081,65.849,18.322,-0.091,0.075,-1.273,0.109,0.635,3.0
347.779,28.287,65.49,20.963,-0.113,0.081,-0.292,0.349,0.349,3.0
333.032,28.362,65.213,19.072,-0.202,0.029,-1.314,0.095,-0.671,3.0
323.8,28.444,65.08,24.746,-1.596,0.03,0.71,0.088,-0.374,3.0
305.655,28.274,64.945,3.069,-1.261,0.612,1.363,0.249,3.633,3.0
390.506,28.84,64.903,30.749,0.185,0.067,-1.115,0.067,-1.03,3.0
391.029,29.036,64.53,28.6,-1.877,0.036,-0.606,0.152,-0.195,3.0
407.131,29.219,64.548,21.911,0.701,0.064,-0.992,0.102,-1.029,3.0
370.85,29.387,63.991,29.231,-1.065,0.027,-0.19,0.462,-1.9,3.0
368.771,29.466,63.62,26.402,1.73,0.027,-1.661,0.089,-0.984,3.0
424.495,26.968,70.467,27.287,1.526,0.093,-0.14,0.445,0.235,1.0
443.153,26.786,71.512,21.939,2.453,0.033,0.403,0.189,0.654,1.0
447.949,26.908,71.501,22.526,1.382,0.045,-1.404,0.098,-1.102,1.0
447.949,26.908,71.501,22.526,1.382,0.045,-1.404,0.098,-1.102,1.0
403.229,26.998,71.559,30.209,0.987,0.102,-1.023,0.345,-1.295,2.0
413.117,27.217,71.0,33.743,-0.141,0.092,1.532,0.341,-1.339,2.0
434.497,27.451,70.327,36.489,-0.311,0.024,-1.174,0.164,-0.203,3.0
455.646,27.568,70.094,18.786,3.062,0.043,-1.205,0.083,-1.212,3.0
457.682,27.607,69.648,22.334,-0.208,0.025,-0.807,0.215,-0.592,3.0
450.529,27.676,69.545,20.183,1.368,0.037,-0.136,0.136,0.306,3.0
397.117,27.837,69.16,52.097,-1.655,0.041,-0.963,0.191,-1.153,3.0
414.175,27.917,69.131,44.683,-0.936,0.018,-0.552,0.106,0.588,3.0
450.293,27.874,69.016,24.361,1.921,0.034,0.163,0.129,1.483,3.0
455.292,27.914,68.567,15.616,5.062,0.028,-0.023,0.258,-0.858,3.0
402.058,28.077,68.209,21.71,-1.044,0.038,0.148,0.203,-1.096,2.0
406.443,28.181,67.521,8.968,-1.14,0.057,-0.773,0.187,-0.838,2.0
405.686,28.28,67.655,22.141,0.632,0.03,-0.806,0.138,-0.239,2.0
400.223,28.39,67.488,21.559,1.367,0.057,-0.958,0.123,-1.019,2.0
406.087,28.476,67.352,15.658,4.175,0.028,-1.077,0.09,-0.327,2.0
389.707,28.485,67.64,21.313,-1.392,0.026,-0.18,0.193,-1.036,2.0
384.659,28.526,67.532,17.597,-1.087,0.031,-0.209,0.24,2.143,2.0
358.058,28.679,66.524,31.118,10.773,0.031,0.501,0.336,-1.383,1.0
401.255,28.687,66.093,60.374,-1.078,0.041,-1.172,0.341,-0.499,2.0
392.689,28.664,66.102,22.77,0.387,0.027,1.204,0.122,0.485,1.0
367.245,28.735,66.015,29.366,0.387,0.007,1.204,0.021,0.485,1.0
381.503,27.053,72.522,25.168,0.945,0.01,1.702,0.048,-1.123,1.0
380.539,27.039,72.914,23.203,0.144,0.019,-1.167,0.203,-0.967,1.0
371.948,27.144,73.175,19.564,1.422,0.057,-1.664,0.094,-0.595,1.0
368.77,27.18,73.02,19.564,1.422,0.057,-1.664,0.094,-0.595,1.0
370.764,25.831,71.198,24.66,0.756,0.067,-0.724,0.421,-1.007,1.0
341.886,25.727,72.099,11.338,4.772,0.011,-0.853,0.233,-0.582,1.0
321.168,25.709,72.706,38.998,-0.383,0.03,-1.375,0.295,-1.593,1.0
371.266,25.777,72.838,43.894,0.368,0.028,0.092,0.079,-1.14,1.0
390.483,25.795,73.227,34.652,-1.406,0.049,-1.421,0.109,7.898,1.0
374.056,25.917,73.077,28.444,0.693,0.029,0.252,0.063,0.291,1.0
421.194,26.108,72.781,23.992,-0.281,0.062,-0.338,0.159,-0.811,2.0
441.085,26.22,72.55,15.493,-0.281,0.0,-0.338,0.099,-0.811,2.0
394.678,25.732,65.73,23.119,-1.546,0.018,0.313,0.103,-2.641,1.0
416.85,25.942,65.703,20.995,-1.767,0.12,-1.163,0.226,-1.07,1.0
436.852,26.098,65.546,18.958,1.554,0.078,-1.723,0.079,-1.191,2.0
443.479,26.384,65.557,22.713,-0.301,0.073,-1.065,0.082,-0.511,2.0
448.405,26.565,65.686,54.07,8.987,0.082,0.536,0.269,0.8,3.0
483.4,26.862,65.033,35.16,-0.829,0.069,-1.103,0.224,1.515,3.0
522.911,27.116,64.653,20.268,0.949,0.054,-0.446,0.284,-1.076,3.0
463.708,27.27,64.131,44.713,-0.012,0.035,-1.516,0.19,1.08,3.0
416.678,27.357,64.105,20.869,-1.42,0.021,0.586,0.093,0.575,3.0
404.062,27.113,70.174,34.477,0.113,0.026,0.132,0.263,0.203,3.0
408.587,27.102,70.495,39.777,-1.914,0.008,1.506,0.154,-0.09,3.0
435.094,27.109,70.858,23.13,9.557,0.008,-1.053,0.178,-0.51,3.0
430.959,27.141,71.036,29.814,1.351,0.017,-0.446,0.136,1.048,3.0
412.699,27.169,71.439,33.647,-1.871,0.023,0.985,0.118,-1.466,3.0
380.638,27.221,71.502,26.97,-1.165,0.01,0.49,0.326,0.577,3.0
376.706,27.258,71.626,25.263,-0.045,0.009,-0.546,0.101,1.271,3.0
406.701,27.289,71.694,34.479,0.038,0.019,-1.696,0.147,3.495,3.0
410.071,27.329,71.69,43.255,-0.527,0.012,-1.064,0.098,-0.486,3.0
400.105,27.389,71.634,25.875,4.369,0.018,-0.934,0.11,-1.052,3.0
392.018,27.467,71.706,29.741,-0.381,0.021,-0.932,0.097,-0.901,3.0
359.866,27.472,71.681,37.563,-0.389,0.01,1.089,0.156,0.576,3.0
337.812,27.509,71.711,47.989,-1.674,0.024,-1.181,0.052,-0.737,3.0
297.556,27.555,71.458,30.416,-0.809,0.013,-0.784,0.095,-1.217,3.0
307.05,27.608,71.282,26.877,-0.326,0.026,-0.794,0.053,-0.203,3.0
303.952,27.698,71.249,29.132,-0.593,0.027,-0.685,0.085,0.548,3.0
321.761,27.792,71.297,31.642,-0.811,0.022,-0.847,0.072,3.896,3.0
321.439,27.874,71.144,30.37,-2.19,0.032,-1.005,0.063,-1.462,3.0
328.627,27.998,71.111,37.265,-0.725,0.033,0.047,0.08,1.758,2.0
403.969,28.066,70.834,71.075,-0.377,0.014,-0.543,0.208,2.753,2.0
482.458,28.142,70.647,91.633,4.023,0.035,-1.218,0.07,3.349,2.0
565.306,28.258,70.562,23.223,2.411,0.037,-1.674,0.088,0.326,2.0
567.748,28.383,70.531,27.213,-1.361,0.039,-1.385,0.117,2.26,2.0
579.885,28.428,70.315,25.914,2.482,0.012,-1.02,0.116,-0.72,2.0
579.667,28.474,69.838,26.074,0.471,0.021,-1.068,0.139,1.011,3.0
581.013,28.553,69.387,15.954,11.992,0.015,-1.552,0.146,-1.399,3.0
581.929,28.578,68.832,19.8,9.782,0.01,0.242,0.164,0.79,3.0
582.168,28.65,68.583,32.27,-0.768,0.03,-0.908,0.235,-1.277,3.0
588.255,28.754,68.226,24.374,0.045,0.036,-0.559,0.135,-0.537,3.0
575.624,28.856,67.891,32.359,-1.85,0.034,-1.315,0.096,-0.948,3.0
598.494,28.955,67.95,34.687,0.947,0.028,3.881,0.121,-1.404,1.0
679.105,29.027,68.129,79.654,-0.815,0.018,2.665,0.168,3.127,1.0
693.495,29.03,67.785,8.832,-0.815,0.0,2.665,0.078,3.127,1.0
391.729,27.268,67.268,21.526,1.389,0.016,0.599,0.03,-0.899,1.0
378.06,27.351,67.217,24.154,0.515,0.023,-1.189,0.025,-0.872,1.0
381.349,27.44,67.138,15.659,10.302,0.018,1.05,0.046,1.92,2.0
383.955,27.496,67.103,19.846,2.472,0.018,2.279,0.051,2.547,2.0
385.688,27.635,67.118,22.208,-0.226,0.049,-0.963,0.059,-0.56,3.0
388.539,27.751,66.966,12.043,4.968,0.029,-1.39,0.166,1.838,3.0
378.612,27.876,66.523,23.281,-0.113,0.036,-0.522,0.224,-1.332,3.0
379.705,27.975,66.403,21.939,0.009,0.026,-1.179,0.085,-1.661,3.0
358.922,28.015,65.8,19.626,0.029,0.018,-1.561,0.122,0.743,3.0
356.499,28.142,65.894,17.686,0.359,0.051,-1.341,0.074,-0.213,3.0
352.739,28.248,65.521,20.002,3.506,0.03,-1.403,0.12,3.599,3.0
342.819,28.325,65.459,21.497,-1.252,0.097,-1.958,0.488,-1.109,3.0
334.896,28.352,65.152,16.263,3.093,0.031,-1.189,0.091,3.309,3.0
331.167,28.372,65.274,22.04,-1.31,0.025,-1.44,0.05,-0.19,3.0
325.356,28.426,65.105,25.546,-1.13,0.015,-1.791,0.09,-1.496,3.0
321.076,28.474,65.036,24.736,-2.736,0.026,-0.47,0.068,1.886,3.0
303.11,28.518,64.986,1.613,-1.414,0.176,-2.177,0.36,1.725,3.0
308.2,28.03,64.904,1.55,0.151,0.814,-2.847,0.077,1.872,3.0
386.507,28.782,64.925,34.323,0.275,0.035,-1.745,0.054,1.937,3.0
394.198,28.894,64.882,27.935,-0.051,0.035,-1.426,0.073,-1.025,3.0
383.714,29.009,64.545,29.707,-2.257,0.028,-1.074,0.201,-1.193,3.0
398.908,29.065,64.515,26.202,-1.244,0.013,-0.489,0.076,-0.983,3.0
407.465,29.165,64.631,24.403,0.023,0.036,-0.537,0.063,-0.26,3.0
406.797,29.273,64.466,20.109,3.172,0.03,-1.07,0.055,-1.001,3.0
378.378,29.383,64.352,24.744,2.668,0.035,-1.421,0.363,2.704,3.0
362.744,29.392,63.602,32.414,-2.263,0.014,-0.434,0.068,1.007,3.0
368.771,29.466,63.62,26.402,1.73,0.027,-1.661,0.089,-0.984,3.0
406.461,27.081,69.931,32.772,-0.295,0.063,-2.051,0.333,-1.743,1.0
433.511,26.911,70.734,19.676,2.568,0.031,-0.954,0.15,0.836,1.0
441.558,26.784,71.37,23.554,3.161,0.041,0.06,0.151,0.812,1.0
444.748,26.788,71.654,21.034,3.234,0.023,-0.165,0.089,-1.714,1.0
449.132,26.925,71.483,21.862,2.989,0.047,0.228,0.115,-1.194,1.0
446.411,26.887,71.525,24.465,1.276,0.032,-1.429,0.069,0.63,1.0
446.411,26.887,71.525,24.465,1.276,0.032,-1.429,0.069,0.63,1.0
446.411,26.887,71.525,24.465,1.276,0.032,-1.429,0.069,0.63,1.0
401.163,26.905,71.883,16.78,1.408,0.062,-1.342,0.2,0.471,2.0
404.978,27.078,71.285,38.823,0.123,0.042,-0.386,0.131,0.537,2.0
414.293,27.181,71.23,22.179,1.425,0.043,1.49,0.037,-1.467,2.0
410.766,27.29,70.54,53.553,-2.643,0.126,-2.976,0.085,4.228,2.0
428.463,27.429,70.446,42.089,-0.189,0.014,1.802,0.14,-1.437,3.0
439.139,27.468,70.235,32.538,-1.182,0.014,-0.916,0.117,0.5,3.0
452.556,27.569,70.128,20.273,4.012,0.048,-1.25,0.089,-1.295,3.0
458.972,27.567,70.057,17.213,2.265,0.039,-1.428,0.058,-0.277,3.0
462.385,27.61,69.782,22.861,0.346,0.021,-0.291,0.218,-0.356,3.0
452.979,27.604,69.515,21.648,-0.07,0.028,-1.139,0.102,-0.393,3.0
452.837,27.649,69.639,16.178,2.996,0.028,-1.008,0.1,-0.017,3.0
448.042,27.705,69.445,24.211,0.408,0.018,-0.703,0.09,1.165,3.0
441.203,27.808,69.322,27.841,-1.429,0.035,-1.152,0.063,-1.309,3.0
349.022,27.868,68.984,15.542,0.053,0.016,1.134,0.101,-0.403,3.0
378.329,27.905,69.18,43.257,-1.872,0.005,-2.571,0.125,-1.194,3.0
441.749,27.926,69.093,19.039,10.227,0.019,-1.433,0.073,-0.093,3.0
440.704,27.869,69.015,26.861,0.014,0.044,-0.331,0.103,0.913,3.0
459.198,27.879,69.016,18.535,10.789,0.023,-1.01,0.153,1.443,3.0
457.403,27.905,68.737,16.773,10.573,0.025,-0.894,0.203,5.095,3.0
453.18,27.924,68.396,14.733,2.465,0.029,-0.703,0.186,-1.373,3.0
404.136,28.047,68.327,23.308,-2.056,0.025,1.561,0.202,-0.15,2.0
399.979,28.106,68.091,20.72,0.328,0.023,-0.921,0.12,-0.224,2.0
400.349,28.138,67.672,7.72,-0.492,0.053,-1.765,0.104,0.483,2.0
412.537,28.224,67.371,5.245,-0.328,0.008,0.517,0.115,-0.247,2.0
407.523,28.269,67.577,19.303,0.109,0.035,-1.915,0.102,-0.923,2.0
403.848,28.292,67.733,25.326,0.747,0.018,-0.948,0.126,-1.28,2.0
390.846,28.337,67.529,20.714,2.856,0.06,-0.818,0.139,-1.122,2.0
406.19,28.424,67.463,20.785,5.086,0.013,4.946,0.112,0.329,2.0
412.322,28.455,67.374,4.303,-0.786,0.022,-1.604,0.093,0.704,2.0
399.852,28.497,67.329,20.199,0.07,0.014,-1.076,0.084,-0.077,2.0
388.355,28.476,67.742,22.947,-2.145,0.023,-1.087,0.169,-1.239,2.0
391.164,28.495,67.529,20.233,0.152,0.026,-1.091,0.156,-1.003,2.0
395.548,28.501,67.686,12.107,11.272,0.018,-1.556,0.097,-0.734,2.0
373.769,28.551,67.378,15.543,-1.411,0.019,3.065,0.243,1.477,1.0
352.342,28.669,66.758,19.258,-0.538,0.039,-1.245,0.223,-0.571,1.0
364.815,28.69,66.247,41.103,7.91,0.013,1.605,0.211,0.358,1.0
362.304,28.72,66.361,21.82,-0.742,0.019,-1.508,0.242,0.14,2.0
444.534,28.651,65.794,60.515,-1.486,0.023,-0.939,0.08,2.476,2.0
400.106,28.647,66.069,24.527,-1.105,0.012,-0.695,0.136,-0.008,1.0
384.702,28.682,66.138,18.395,3.9,0.027,-0.42,0.098,-0.726,1.0
367.245,28.735,66.015,29.366,3.9,0.007,-0.42,0.021,-0.726,1.0
381.503,27.053,72.522,25.168,0.945,0.01,1.702,0.048,-1.123,1.0
389.142,27.045,72.755,20.216,2.227,0.016,-1.481,0.087,-1.363,1.0
371.935,27.034,73.074,23.644,0.009,0.021,-1.226,0.15,-0.316,1.0
368.99,27.098,73.216,20.659,2.244,0.044,5.805,0.106,-0.743,1.0
374.907,27.19,73.134,18.825,0.441,0.013,1.263,0.058,0.074,1.0
368.77,27.18,73.02,18.825,0.441,0.013,1.263,0.058,0.074,1.0
370.764,25.831,71.198,24.66,0.756,0.067,-0.724,0.421,-1.007,1.0
345.726,25.731,71.918,11.689,8.593,0.014,-1.288,0.137,-0.764,1.0
338.342,25.724,72.266,10.173,8.952,0.007,-0.332,0.168,0.723,1.0
346.062,25.731,72.456,11.757,11.466,0.021,1.687,0.16,0.176,1.0
294.358,25.685,72.976,40.544,-0.807,0.015,-0.934,0.091,-0.971,1.0
354.281,25.774,72.818,59.027,-1.384,0.041,-1.822,0.083,-1.398,1.0
384.332,25.78,72.853,22.221,0.501,0.014,-1.056,0.076,-0.371,1.0
365.505,25.746,73.23,16.383,-0.133,0.022,-1.481,0.164,4.372,1.0
410.465,25.834,73.224,32.576,-1.157,0.018,-0.017,0.036,0.625,1.0
373.355,25.902,73.071,29.06,1.016,0.024,-1.387,0.066,-0.575,1.0
375.07,25.939,73.087,29.242,1.815,0.019,2.03,0.06,2.438,1.0
412.577,26.062,72.889,26.154,-1.118,0.039,-0.6,0.146,-1.392,2.0
430.53,26.157,72.663,18.079,3.038,0.042,-1.564,0.057,2.839,2.0
441.085,26.22,72.55,15.493,3.038,0.0,-1.564,0.099,2.839,2.0
394.678,25.732,65.73,23.119,-1.546,0.018,0.313,0.103,-2.641,1.0
410.52,25.836,65.891,19.641,-2.222,0.074,-1.647,0.136,-1.628,2.0
422.728,26.041,65.529,21.172,-1.71,0.047,2.059,0.129,-1.513,1.0
428.132,26.027,65.59,16.062,2.229,0.029,0.635,0.079,-1.373,1.0
445.572,26.168,65.502,18.056,7.544,0.033,3.836,0.051,2.13,2.0
446.366,26.322,65.559,25.711,-0.104,0.041,-1.148,0.101,-1.171,3.0
440.797,26.441,65.556,20.136,0.171,0.041,-1.164,0.064,0.387,2.0
443.255,26.509,65.587,18.571,2.022,0.027,-0.329,0.128,0.027,3.0
453.555,26.62,65.784,75.566,4.159,0.081,-1.368,0.337,-0.985,3.0
463.555,26.804,65.135,31.632,-1.83,0.028,-1.109,0.273,-1.205,3.0
503.246,26.921,64.932,26.862,-1.468,0.041,-0.996,0.088,-0.866,3.0
531.188,27.076,64.88,13.502,11.758,0.039,-0.557,0.194,-0.334,3.0
513.997,27.159,64.409,22.947,-1.124,0.026,-0.895,0.094,3.673,3.0
486.187,27.245,64.082,44.199,-0.556,0.031,-0.505,0.167,2.786,3.0
441.229,27.295,64.18,33.417,3.593,0.013,-0.539,0.205,0.771,3.0
416.678,27.357,64.105,20.869,-1.42,0.021,0.586,0.093,0.575,3.0
414.38,27.17,69.63,0.0,0.0,0.0,0.0,0.0,0.0,3.0
392.403,27.133,70.307,50.953,0.0,0.012,0.0,0.223,0.0,3.0
397.507,27.11,70.17,35.534,0.0,0.017,0.0,0.236,0.0,3.0
421.46,27.09,69.995,0.0,0.0,0.0,0.0,0.021,0.0,3.0
407.24,27.093,70.347,45.161,0.0,0.006,0.0,0.153,0.0,3.0
385.11,27.1,70.38,44.215,0.0,0.0,0.0,0.052,0.0,3.0
403.09,27.115,70.43,57.262,0.0,0.007,0.0,0.028,0.0,3.0
433.593,27.103,70.437,4.255,0.0,0.006,0.0,0.186,0.0,3.0
414.387,27.093,70.61,48.637,0.0,0.006,0.0,0.18,0.0,3.0
403.09,27.1,70.645,57.262,0.0,0.0,0.0,0.049,0.0,3.0
441.07,27.1,70.72,4.347,0.0,0.0,0.0,0.131,0.0,3.0
428.68,27.11,70.78,0.0,0.0,0.0,0.0,0.014,0.0,3.0
414.077,27.107,70.737,44.739,0.0,0.006,0.0,0.064,0.0,3.0
448.753,27.113,71.113,8.96,0.0,0.006,0.0,0.085,0.0,3.0
443.58,27.12,70.94,0.0,0.0,0.0,0.0,0.028,0.0,3.0
428.38,27.117,71.083,46.584,0.0,0.006,0.0,0.038,0.0,3.0
434.093,27.137,71.02,23.4,0.0,0.006,0.0,0.14,0.0,3.0
392.03,27.14,70.89,41.62,0.0,0.0,0.0,0.028,0.0,3.0
441.173,27.15,71.063,11.481,0.0,0.0,0.0,0.259,0.0,3.0
446.14,27.163,71.077,4.434,0.0,0.006,0.0,0.049,0.0,3.0
451.26,27.145,71.565,0.0,0.0,0.007,0.0,0.007,0.0,3.0
400.273,27.153,71.417,44.156,0.0,0.015,0.0,0.074,0.0,3.0
451.26,27.18,71.48,0.0,0.0,0.0,0.0,0.0,0.0,3.0
391.11,27.18,71.295,23.094,0.0,0.0,0.0,0.007,0.0,3.0
400.957,27.19,71.46,17.585,0.0,0.026,0.0,0.16,0.0,3.0
389.46,27.223,71.267,43.163,0.0,0.006,0.0,0.046,0.0,3.0
417.92,27.215,71.335,5.006,0.0,0.007,0.0,0.134,0.0,3.0
362.757,27.223,71.3,11.946,0.0,0.006,0.0,0.036,0.0,3.0
362.6,27.215,71.535,0.0,0.0,0.007,0.0,0.12,0.0,3.0
376.87,27.223,72.027,3.62,0.0,0.021,0.0,0.18,0.0,3.0
387.45,27.257,71.677,0.0,0.0,0.006,0.0,0.12,0.0,3.0
363.535,27.26,71.705,33.821,0.0,0.014,0.0,0.205,0.0,3.0
368.07,27.267,71.54,36.402,0.0,0.006,0.0,0.06,0.0,3.0
378.35,27.257,71.617,37.453,0.0,0.006,0.0,0.031,0.0,3.0
384.25,27.245,71.615,4.525,0.0,0.007,0.0,0.021,0.0,3.0
400.777,27.27,71.623,11.541,0.0,0.0,0.0,0.042,0.0,3.0
414.38,27.27,71.607,0.0,0.0,0.0,0.0,0.006,0.0,3.0
399.325,27.29,71.765,51.937,0.0,0.014,0.0,0.219,0.0,3.0
370.377,27.3,71.857,40.676,0.0,0.01,0.0,0.202,0.0,3.0
446.19,27.313,71.64,8.781,0.0,0.006,0.0,0.078,0.0,3.0
459.1,27.315,71.65,0.0,0.0,0.007,0.0,0.085,0.0,3.0
415.66,27.32,71.76,75.24,0.0,0.0,0.0,0.104,0.0,3.0
373.543,27.327,71.65,27.746,0.0,0.006,0.0,0.147,0.0,3.0
414.38,27.34,71.715,0.0,0.0,0.0,0.0,0.106,0.0,3.0
405.45,27.343,71.67,17.092,0.0,0.006,0.0,0.06,0.0,3.0
410.91,27.365,71.735,4.907,0.0,0.007,0.0,0.12,0.0,3.0
414.38,27.373,71.67,0.0,0.0,0.006,0.0,0.148,0.0,3.0
419.1,27.393,71.613,4.088,0.0,0.006,0.0,0.051,0.0,3.0
351.78,27.4,71.49,32.527,0.0,0.0,0.0,0.014,0.0,3.0
391.85,27.41,71.647,7.621,0.0,0.01,0.0,0.081,0.0,3.0
404.045,27.435,71.735,4.801,0.0,0.007,0.0,0.049,0.0,3.0
407.44,27.45,71.68,0.0,0.0,0.014,0.0,0.085,0.0,3.0
384.883,27.47,71.76,39.796,0.0,0.01,0.0,0.078,0.0,3.0
414.38,27.48,71.585,0.0,0.0,0.0,0.0,0.049,0.0,3.0
365.947,27.487,71.73,35.934,0.0,0.006,0.0,0.135,0.0,3.0
378.12,27.46,71.497,34.711,0.0,0.01,0.0,0.115,0.0,3.0
336.72,27.47,71.6,53.825,0.0,0.0,0.0,0.113,0.0,3.0
330.97,27.477,71.79,42.757,0.0,0.006,0.0,0.182,0.0,3.0
367.55,27.473,71.76,29.102,0.0,0.006,0.0,0.061,0.0,3.0
387.45,27.485,71.755,0.0,0.0,0.007,0.0,0.007,0.0,3.0
354.527,27.5,71.69,40.034,0.0,0.01,0.0,0.026,0.0,3.0
391.85,27.493,71.667,7.621,0.0,0.015,0.0,0.015,0.0,3.0
357.88,27.48,71.8,70.088,0.0,0.0,0.0,0.014,0.0,3.0
295.79,27.517,71.723,14.184,0.0,0.015,0.0,0.035,0.0,3.0
295.703,27.543,71.707,11.842,0.0,0.006,0.0,0.057,0.0,3.0
273.16,27.54,71.57,36.062,0.0,0.0,0.0,0.014,0.0,3.0
290.157,27.543,71.487,40.068,0.0,0.012,0.0,0.067,0.0,3.0
302.95,27.567,71.507,28.892,0.0,0.006,0.0,0.095,0.0,3.0
285.87,27.56,71.345,31.749,0.0,0.014,0.0,0.064,0.0,3.0
323.617,27.563,71.383,8.943,0.0,0.006,0.0,0.012,0.0,3.0
306.693,27.583,71.333,2.817,0.0,0.006,0.0,0.04,0.0,3.0
292.09,27.59,71.305,51.887,0.0,0.0,0.0,0.007,0.0,3.0
287.983,27.597,71.273,35.576,0.0,0.006,0.0,0.015,0.0,3.0
328.78,27.63,71.31,0.0,0.0,0.014,0.0,0.028,0.0,3.0
321.96,27.643,71.203,11.813,0.0,0.015,0.0,0.006,0.0,3.0
305.1,27.67,71.22,5.577,0.0,0.01,0.0,0.07,0.0,3.0
281.86,27.68,71.105,37.42,0.0,0.0,0.0,0.064,0.0,3.0
297.5,27.693,71.32,37.868,0.0,0.012,0.0,0.044,0.0,3.0
294.075,27.71,71.255,49.08,0.0,0.014,0.0,0.007,0.0,3.0
330.57,27.737,71.3,3.1,0.0,0.012,0.0,0.035,0.0,3.0
289.773,27.76,71.29,38.656,0.0,0.01,0.0,0.026,0.0,3.0
339.62,27.78,71.33,0.0,0.0,0.014,0.0,0.0,0.0,3.0
321.357,27.8,71.367,31.633,0.0,0.01,0.0,0.11,0.0,3.0
324.723,27.81,71.223,30.761,0.0,0.01,0.0,0.025,0.0,3.0
348.045,27.81,71.28,4.023,0.0,0.0,0.0,0.042,0.0,3.0
328.48,27.83,71.227,34.007,0.0,0.01,0.0,0.012,0.0,3.0
323.217,27.86,71.163,33.361,0.0,0.01,0.0,0.031,0.0,3.0
315.015,27.87,71.085,42.688,0.0,0.0,0.0,0.021,0.0,3.0
307.967,27.897,71.123,32.245,0.0,0.006,0.0,0.071,0.0,3.0
330.377,27.913,71.1,35.53,0.0,0.012,0.0,0.04,0.0,3.0
356.68,27.95,71.225,0.0,0.0,0.028,0.0,0.106,0.0,2.0
326.973,27.98,71.117,36.608,0.0,0.01,0.0,0.09,0.0,2.0
332.307,28.0,71.07,37.314,0.0,0.01,0.0,0.03,0.0,2.0
323.015,28.025,71.1,47.609,0.0,0.007,0.0,0.057,0.0,2.0
303.145,28.04,71.06,67.522,0.0,0.0,0.0,0.028,0.0,2.0
280.0,28.06,71.3,0.0,0.0,0.0,0.0,0.0,0.0,2.0
296.26,28.08,70.94,0.0,0.0,0.0,0.0,0.0,0.0,2.0
420.94,28.057,70.75,45.536,0.0,0.021,0.0,0.069,0.0,2.0
444.797,28.07,70.8,4.215,0.0,0.01,0.0,0.139,0.0,2.0
462.25,28.07,70.62,0.0,0.0,0.0,0.0,0.0,0.0,2.0
459.823,28.1,70.67,11.572,0.0,0.01,0.0,0.026,0.0,2.0
427.455,28.12,70.74,49.208,0.0,0.0,0.0,0.042,0.0,2.0
372.165,28.135,70.65,196.47,0.0,0.007,0.0,0.014,0.0,2.0
541.17,28.157,70.647,19.086,0.0,0.012,0.0,0.006,0.0,2.0
556.58,28.19,70.56,0.0,0.0,0.0,0.0,0.082,0.0,2.0
538.67,28.215,70.595,39.004,0.0,0.007,0.0,0.021,0.0,2.0
572.837,28.223,70.46,5.704,0.0,0.006,0.0,0.101,0.0,2.0
547.975,28.25,70.6,39.817,0.0,0.014,0.0,0.085,0.0,2.0
572.903,28.28,70.617,11.524,0.0,0.01,0.0,0.032,0.0,2.0
579.49,28.307,70.56,5.82,0.0,0.006,0.0,0.095,0.0,2.0
557.47,28.325,70.53,40.644,0.0,0.007,0.0,0.028,0.0,2.0
563.69,28.353,70.647,30.693,0.0,0.015,0.0,0.155,0.0,2.0
547.89,28.383,70.547,33.186,0.0,0.006,0.0,0.09,0.0,2.0
586.21,28.42,70.54,0.0,0.0,0.0,0.0,0.014,0.0,2.0
586.21,28.427,70.393,0.0,0.0,0.006,0.0,0.023,0.0,2.0
586.21,28.43,70.407,0.0,0.0,0.0,0.0,0.038,0.0,2.0
596.62,28.44,70.33,14.722,0.0,0.0,0.0,0.0,0.0,2.0
571.02,28.437,70.26,45.546,0.0,0.006,0.0,0.142,0.0,2.0
586.21,28.413,70.347,0.0,0.0,0.006,0.0,0.159,0.0,2.0
557.47,28.42,70.195,40.644,0.0,0.014,0.0,0.021,0.0,2.0
580.117,28.457,69.967,30.421,0.0,0.015,0.0,0.191,0.0,3.0
547.89,28.45,69.837,33.186,0.0,0.0,0.0,0.144,0.0,3.0
596.62,28.475,69.92,14.722,0.0,0.007,0.0,0.057,0.0,3.0
586.21,28.487,69.743,0.0,0.0,0.006,0.0,0.087,0.0,3.0
593.15,28.5,69.75,12.02,0.0,0.01,0.0,0.044,0.0,3.0
581.17,28.53,69.585,7.128,0.0,0.0,0.0,0.007,0.0,3.0
567.05,28.54,69.463,33.186,0.0,0.0,0.0,0.136,0.0,3.0
586.21,28.56,69.407,0.0,0.0,0.01,0.0,0.081,0.0,3.0
586.21,28.565,69.265,0.0,0.0,0.007,0.0,0.078,0.0,3.0
586.21,28.567,69.24,0.0,0.0,0.006,0.0,0.056,0.0,3.0
586.21,28.57,69.145,0.0,0.0,0.0,0.0,0.064,0.0,3.0
593.15,28.57,68.807,12.02,0.0,0.0,0.0,0.121,0.0,3.0
582.85,28.573,68.757,5.82,0.0,0.006,0.0,0.126,0.0,3.0
553.015,28.58,68.765,46.945,0.0,0.0,0.0,0.134,0.0,3.0
586.21,28.593,68.77,0.0,0.0,0.006,0.0,0.036,0.0,3.0
607.03,28.61,68.843,0.0,0.0,0.01,0.0,0.105,0.0,3.0
607.03,28.64,68.81,0.0,0.0,0.014,0.0,0.198,0.0,3.0
563.69,28.66,68.423,30.693,0.0,0.0,0.0,0.012,0.0,3.0
567.88,28.665,68.42,55.366,0.0,0.021,0.0,0.085,0.0,3.0
562.02,28.69,68.37,34.21,0.0,0.0,0.0,0.113,0.0,3.0
590.213,28.71,68.36,29.127,0.0,0.01,0.0,0.12,0.0,3.0
583.963,28.737,68.343,39.953,0.0,0.006,0.0,0.093,0.0,3.0
577.07,28.745,68.145,42.37,0.0,0.007,0.0,0.092,0.0,3.0
600.09,28.77,68.137,12.02,0.0,0.0,0.0,0.061,0.0,3.0
586.21,28.807,68.12,0.0,0.0,0.015,0.0,0.07,0.0,3.0
557.47,28.81,67.925,40.644,0.0,0.0,0.0,0.12,0.0,3.0
563.99,28.83,68.023,37.561,0.0,0.01,0.0,0.023,0.0,3.0
572.43,28.85,67.84,48.932,0.0,0.014,0.0,0.014,0.0,3.0
570.083,28.88,67.863,27.932,0.0,0.02,0.0,0.021,0.0,3.0
607.03,28.893,67.797,0.0,0.0,0.015,0.0,0.051,0.0,3.0
563.425,28.895,67.92,61.667,0.0,0.021,0.0,0.014,0.0,3.0
607.03,28.963,67.813,0.0,0.0,0.006,0.0,0.067,0.0,1.0
617.847,28.963,67.923,10.855,0.0,0.012,0.0,0.133,0.0,1.0
587.925,28.965,68.035,57.721,0.0,0.007,0.0,0.064,0.0,1.0
601.03,28.973,68.077,38.884,0.0,0.006,0.0,0.042,0.0,1.0
608.42,29.01,68.16,45.243,0.0,0.01,0.0,0.204,0.0,1.0
629.21,29.025,68.165,31.367,0.0,0.007,0.0,0.049,0.0,1.0
646.405,29.03,68.26,40.496,0.0,0.0,0.0,0.042,0.0,1.0
763.42,29.023,68.153,55.148,0.0,0.012,0.0,0.025,0.0,1.0
741.255,29.055,67.88,76.375,0.0,0.021,0.0,0.24,0.0,1.0
693.495,29.03,67.785,8.832,0.0,0.0,0.0,0.078,0.0,1.0
408.007,27.25,67.263,3.233,0.0,0.01,0.0,0.015,0.0,1.0
406.223,27.267,67.227,9.555,0.0,0.006,0.0,0.012,0.0,1.0
392.52,27.275,67.27,3.776,0.0,0.007,0.0,0.014,0.0,1.0
389.85,27.267,67.303,0.0,0.0,0.006,0.0,0.006,0.0,2.0
347.6,27.295,67.285,3.295,0.0,0.007,0.0,0.007,0.0,2.0
400.737,27.32,67.253,10.945,0.0,0.01,0.0,0.006,0.0,1.0
371.707,27.337,67.217,26.99,0.0,0.012,0.0,0.006,0.0,1.0
355.96,27.355,67.205,40.475,0.0,0.007,0.0,0.007,0.0,1.0
384.58,27.367,67.19,0.0,0.0,0.006,0.0,0.01,0.0,2.0
369.95,27.377,67.217,25.34,0.0,0.006,0.0,0.023,0.0,1.0
384.58,27.415,67.2,0.0,0.0,0.021,0.0,0.071,0.0,1.0
366.96,27.43,67.113,30.519,0.0,0.0,0.0,0.015,0.0,1.0
384.58,27.443,67.107,0.0,0.0,0.012,0.0,0.021,0.0,2.0
381.99,27.445,67.135,3.663,0.0,0.007,0.0,0.035,0.0,2.0
389.927,27.46,67.157,9.261,0.0,0.01,0.0,0.047,0.0,2.0
388.093,27.48,67.107,3.043,0.0,0.0,0.0,0.012,0.0,2.0
365.27,27.485,67.115,34.761,0.0,0.007,0.0,0.007,0.0,2.0
371.707,27.497,67.067,26.99,0.0,0.006,0.0,0.032,0.0,2.0
395.22,27.497,67.137,5.385,0.0,0.006,0.0,0.101,0.0,3.0
397.905,27.53,67.09,3.84,0.0,0.014,0.0,0.028,0.0,3.0
397.06,27.577,67.073,8.304,0.0,0.015,0.0,0.032,0.0,3.0
383.753,27.61,67.107,29.799,0.0,0.0,0.0,0.04,0.0,3.0
347.6,27.63,67.085,3.295,0.0,0.014,0.0,0.049,0.0,3.0
389.85,27.673,67.143,0.0,0.0,0.015,0.0,0.07,0.0,3.0
403.38,27.71,67.195,3.903,0.0,0.014,0.0,0.049,0.0,2.0
383.547,27.733,67.19,26.317,0.0,0.006,0.0,0.137,0.0,2.0
386.337,27.717,66.787,3.043,0.0,0.006,0.0,0.17,0.0,2.0
384.58,27.745,66.925,0.0,0.0,0.021,0.0,0.021,0.0,3.0
391.63,27.77,66.92,3.083,0.0,0.01,0.0,0.01,0.0,3.0
395.28,27.79,66.993,9.405,0.0,0.01,0.0,0.031,0.0,3.0
397.995,27.815,66.865,11.519,0.0,0.007,0.0,0.049,0.0,3.0
386.39,27.857,66.693,8.049,0.0,0.015,0.0,0.078,0.0,3.0
373.463,27.88,66.477,28.383,0.0,0.0,0.0,0.116,0.0,3.0
389.85,27.895,66.33,0.0,0.0,0.007,0.0,0.042,0.0,3.0
355.57,27.92,66.3,29.773,0.0,0.0,0.0,0.053,0.0,3.0
362.635,27.94,66.325,31.035,0.0,0.014,0.0,0.049,0.0,3.0
373.463,27.953,66.31,28.383,0.0,0.006,0.0,0.017,0.0,3.0
389.85,27.973,66.4,0.0,0.0,0.006,0.0,0.044,0.0,3.0
397.995,27.995,66.51,11.519,0.0,0.007,0.0,0.028,0.0,3.0
374.99,28.007,66.48,25.738,0.0,0.006,0.0,0.0,0.0,3.0
363.507,27.993,65.843,27.528,0.0,0.006,0.0,0.162,0.0,3.0
369.27,27.995,65.905,0.0,0.0,0.007,0.0,0.007,0.0,3.0
365.97,28.023,65.843,2.858,0.0,0.006,0.0,0.087,0.0,3.0
336.793,28.027,65.677,23.839,0.0,0.006,0.0,0.11,0.0,3.0
364.32,28.035,65.75,0.0,0.0,0.007,0.0,0.042,0.0,3.0
355.293,28.073,65.85,24.208,0.0,0.015,0.0,0.05,0.0,3.0
365.997,28.11,65.95,5.67,0.0,0.01,0.0,0.061,0.0,3.0
341.24,28.145,65.98,25.753,0.0,0.007,0.0,0.014,0.0,3.0
350.557,28.18,65.897,23.839,0.0,0.01,0.0,0.055,0.0,3.0
364.32,28.203,65.823,0.0,0.0,0.012,0.0,0.064,0.0,3.0
328.52,28.215,65.395,36.953,0.0,0.007,0.0,0.276,0.0,3.0
359.45,28.217,65.587,0.0,0.0,0.015,0.0,0.118,0.0,3.0
364.32,28.245,65.58,0.0,0.0,0.007,0.0,0.0,0.0,3.0
361.073,28.267,65.557,2.812,0.0,0.006,0.0,0.025,0.0,3.0
346.12,28.283,65.463,27.414,0.0,0.006,0.0,0.038,0.0,3.0
341.24,28.255,65.1,25.753,0.0,0.007,0.0,0.042,0.0,3.0
344.497,28.213,65.807,25.9,0.0,0.015,0.0,0.355,0.0,3.0
359.45,28.31,66.003,0.0,0.0,0.062,0.0,0.315,0.0,3.0
332.555,28.42,65.135,31.247,0.0,0.014,0.0,0.262,0.0,3.0
332.407,28.437,65.023,24.344,0.0,0.015,0.0,0.147,0.0,3.0
340.69,28.397,65.227,0.0,0.0,0.006,0.0,0.156,0.0,3.0
342.98,28.37,65.15,3.239,0.0,0.014,0.0,0.014,0.0,3.0
340.69,28.34,65.117,0.0,0.0,0.0,0.0,0.085,0.0,3.0
314.057,28.33,65.123,27.032,0.0,0.02,0.0,0.055,0.0,3.0
340.69,28.32,65.14,0.0,0.0,0.0,0.0,0.085,0.0,3.0
329.663,28.34,65.263,27.032,0.0,0.01,0.0,0.045,0.0,3.0
329.663,28.357,65.32,27.032,0.0,0.006,0.0,0.026,0.0,3.0
345.27,28.375,65.315,0.0,0.0,0.007,0.0,0.007,0.0,3.0
329.663,28.397,65.263,27.032,0.0,0.006,0.0,0.015,0.0,3.0
323.83,28.4,65.195,30.321,0.0,0.0,0.0,0.035,0.0,3.0
342.217,28.41,65.177,2.644,0.0,0.0,0.0,0.006,0.0,3.0
314.057,28.413,65.17,27.032,0.0,0.006,0.0,0.056,0.0,3.0
310.615,28.425,65.05,49.01,0.0,0.007,0.0,0.0,0.0,3.0
328.137,28.44,65.073,25.811,0.0,0.0,0.0,0.153,0.0,3.0
326.84,28.443,65.037,28.049,0.0,0.006,0.0,0.006,0.0,3.0
317.625,28.45,64.96,32.619,0.0,0.0,0.0,0.085,0.0,3.0
345.27,28.463,65.08,0.0,0.0,0.015,0.0,0.05,0.0,3.0
298.45,28.48,65.07,0.0,0.0,0.0,0.0,0.0,0.0,3.0
299.0,28.5,65.06,0.0,0.0,0.0,0.0,0.0,0.0,3.0
300.1,28.52,65.0,0.0,0.0,0.0,0.0,0.0,0.0,3.0
301.0,28.7,64.9,0.0,0.0,0.0,0.0,0.0,0.0,3.0
302.2,28.3,65.0,0.0,0.0,0.0,0.0,0.0,0.0,3.0
303.0,28.7,64.5,0.0,0.0,0.0,0.0,0.0,0.0,3.0
304.35,28.45,65.02,0.0,0.0,0.0,0.0,0.0,0.0,3.0
305.0,28.44,65.51,0.0,0.0,0.0,0.0,0.0,0.0,3.0
306.0,28.5,65.03,0.0,0.0,0.0,0.0,0.0,0.0,3.0
307.55,28.66,64.88,0.0,0.0,0.0,0.0,0.0,0.0,3.0
308.33,28.69,64.85,0.0,0.0,0.0,0.0,0.0,0.0,3.0
309.0,27.0,64.92,0.0,0.0,0.0,0.0,0.0,0.0,3.0
310.12,27.3,64.84,0.0,0.0,0.0,0.0,0.0,0.0,3.0
358.165,28.74,64.82,66.221,0.0,0.0,0.0,0.028,0.0,3.0
407.72,28.745,64.92,3.861,0.0,0.007,0.0,0.014,0.0,3.0
388.5,28.777,64.96,33.402,0.0,0.015,0.0,0.017,0.0,3.0
410.49,28.805,64.955,7.778,0.0,0.007,0.0,0.007,0.0,3.0
373.277,28.823,64.943,32.193,0.0,0.006,0.0,0.025,0.0,3.0
415.99,28.853,64.98,0.0,0.0,0.006,0.0,0.026,0.0,3.0
407.8,28.87,64.925,11.582,0.0,0.014,0.0,0.035,0.0,3.0
360.273,28.887,64.86,29.562,0.0,0.012,0.0,0.044,0.0,3.0
406.837,28.923,64.843,6.258,0.0,0.006,0.0,0.015,0.0,3.0
379.84,28.945,64.785,35.567,0.0,0.007,0.0,0.007,0.0,3.0
375.123,28.97,64.75,35.392,0.0,0.01,0.0,0.02,0.0,3.0
397.123,28.993,64.743,32.678,0.0,0.015,0.0,0.015,0.0,3.0
382.57,29.015,64.485,39.428,0.0,0.007,0.0,0.064,0.0,3.0
391.89,29.023,64.347,32.682,0.0,0.006,0.0,0.166,0.0,3.0
371.48,29.043,64.38,29.393,0.0,0.006,0.0,0.089,0.0,3.0
407.72,29.055,64.4,3.861,0.0,0.007,0.0,0.014,0.0,3.0
378.28,29.05,64.48,32.999,0.0,0.0,0.0,0.017,0.0,3.0
390.075,29.07,64.47,36.649,0.0,0.0,0.0,0.014,0.0,3.0
417.867,29.07,64.567,3.25,0.0,0.0,0.0,0.021,0.0,3.0
400.59,29.08,64.603,31.675,0.0,0.01,0.0,0.032,0.0,3.0
421.62,29.105,64.68,0.0,0.0,0.007,0.0,0.057,0.0,3.0
404.08,29.143,64.693,30.38,0.0,0.015,0.0,0.029,0.0,3.0
405.983,29.177,64.637,32.156,0.0,0.012,0.0,0.015,0.0,3.0
413.305,29.185,64.525,11.759,0.0,0.007,0.0,0.021,0.0,3.0
399.0,29.203,64.6,34.419,0.0,0.015,0.0,0.017,0.0,3.0
415.99,29.233,64.433,0.0,0.0,0.006,0.0,0.04,0.0,3.0
390.075,29.255,64.39,36.649,0.0,0.007,0.0,0.028,0.0,3.0
414.143,29.277,64.46,3.199,0.0,0.006,0.0,0.02,0.0,3.0
397.123,29.293,64.51,32.678,0.0,0.006,0.0,0.02,0.0,3.0
413.22,29.315,64.535,3.917,0.0,0.007,0.0,0.021,0.0,3.0
392.95,29.337,64.48,20.113,0.0,0.012,0.0,0.017,0.0,3.0
383.96,29.36,64.587,0.0,0.0,0.01,0.0,0.11,0.0,3.0
386.53,29.4,64.535,3.635,0.0,0.014,0.0,0.035,0.0,3.0
367.297,29.423,64.473,37.764,0.0,0.006,0.0,0.045,0.0,3.0
363.87,29.4,63.747,34.797,0.0,0.02,0.0,0.359,0.0,3.0
356.395,29.395,63.59,46.252,0.0,0.007,0.0,0.028,0.0,3.0
368.707,29.377,63.523,35.322,0.0,0.006,0.0,0.075,0.0,3.0
358.51,29.38,63.68,43.261,0.0,0.0,0.0,0.014,0.0,3.0
375.097,29.4,63.643,33.768,0.0,0.01,0.0,0.049,0.0,3.0
351.483,29.407,63.597,37.151,0.0,0.012,0.0,0.031,0.0,3.0
372.555,29.435,63.695,38.262,0.0,0.007,0.0,0.049,0.0,3.0
354.433,29.457,63.657,34.164,0.0,0.006,0.0,0.055,0.0,3.0
380.587,29.497,63.533,2.921,0.0,0.006,0.0,0.067,0.0,3.0
389.125,27.155,69.52,56.576,0.0,0.021,0.0,0.113,0.0,1.0
417.913,27.07,70.023,24.852,0.0,0.052,0.0,0.251,0.0,1.0
406.62,27.025,70.205,31.834,0.0,0.021,0.0,0.106,0.0,1.0
435.18,26.957,70.517,0.0,0.0,0.012,0.0,0.107,0.0,1.0
437.227,26.923,70.72,3.545,0.0,0.012,0.0,0.082,0.0,1.0
438.25,26.91,70.74,4.342,0.0,0.014,0.0,0.057,0.0,1.0
428.183,26.887,70.793,33.561,0.0,0.006,0.0,0.006,0.0,1.0
430.297,26.877,70.903,35.533,0.0,0.006,0.0,0.085,0.0,1.0
419.005,26.86,71.075,49.349,0.0,0.0,0.0,0.049,0.0,1.0
427.907,26.777,71.34,28.806,0.0,0.047,0.0,0.118,0.0,1.0
447.56,26.745,71.46,0.0,0.0,0.007,0.0,0.0,0.0,1.0
453.9,26.77,71.483,0.0,0.0,0.01,0.0,0.047,0.0,1.0
453.9,26.78,71.423,0.0,0.0,0.0,0.0,0.015,0.0,1.0
424.37,26.775,71.55,41.762,0.0,0.007,0.0,0.042,0.0,1.0
436.043,26.77,71.587,30.929,0.0,0.01,0.0,0.038,0.0,1.0
453.9,26.777,71.677,0.0,0.0,0.006,0.0,0.114,0.0,1.0
453.9,26.795,71.75,0.0,0.0,0.007,0.0,0.0,0.0,1.0
451.787,26.823,71.703,3.66,0.0,0.012,0.0,0.035,0.0,1.0
456.05,26.847,71.65,3.724,0.0,0.021,0.0,0.026,0.0,1.0
453.9,26.93,71.535,0.0,0.0,0.014,0.0,0.092,0.0,1.0
440.343,26.953,71.443,34.653,0.0,0.015,0.0,0.046,0.0,1.0
460.35,26.96,71.38,0.0,0.0,0.01,0.0,0.03,0.0,1.0
430.34,26.94,71.395,42.441,0.0,0.014,0.0,0.035,0.0,1.0
438.193,26.93,71.457,32.949,0.0,0.0,0.0,0.059,0.0,1.0
456.05,26.867,71.513,3.724,0.0,0.021,0.0,0.031,0.0,1.0
460.35,26.87,71.62,0.0,0.0,0.014,0.0,0.014,0.0,1.0
430.34,26.87,71.55,42.441,0.0,0.0,0.0,0.014,0.0,1.0
430.34,26.87,71.55,0.0,0.0,0.0,0.0,0.0,0.0,1.0
430.34,26.87,71.55,0.0,0.0,0.0,0.0,0.0,0.0,1.0
430.34,26.87,71.55,0.0,0.0,0.0,0.0,0.0,0.0,1.0
430.34,26.87,71.55,0.0,0.0,0.0,0.0,0.0,0.0,1.0
430.34,26.87,71.55,0.0,0.0,0.0,0.0,0.0,0.0,1.0
430.34,26.87,71.55,0.0,0.0,0.0,0.0,0.0,0.0,1.0
430.34,26.87,71.55,0.0,0.0,0.0,0.0,0.0,0.0,1.0
430.34,26.87,71.55,0.0,0.0,0.0,0.0,0.0,0.0,1.0
430.34,26.87,71.55,0.0,0.0,0.0,0.0,0.0,0.0,1.0
430.34,26.87,71.55,0.0,0.0,0.0,0.0,0.0,0.0,1.0
430.34,26.87,71.55,0.0,0.0,0.0,0.0,0.0,0.0,1.0
365.5,26.81,72.23,0.0,0.0,0.0,0.0,0.0,0.0,1.0
387.56,26.835,72.05,0.0,0.0,0.007,0.0,0.028,0.0,1.0
413.46,26.89,71.913,15.55,0.0,0.01,0.0,0.04,0.0,2.0
407.143,26.947,71.823,3.505,0.0,0.032,0.0,0.08,0.0,2.0
405.18,26.98,71.585,8.499,0.0,0.014,0.0,0.12,0.0,2.0
374.683,27.03,71.493,42.898,0.0,0.03,0.0,0.081,0.0,2.0
385.31,27.055,71.25,28.016,0.0,0.007,0.0,0.028,0.0,2.0
400.033,27.077,71.253,52.431,0.0,0.015,0.0,0.055,0.0,2.0
436.633,27.1,71.22,11.455,0.0,0.03,0.0,0.036,0.0,2.0
430.02,27.14,71.155,0.0,0.0,0.0,0.0,0.021,0.0,2.0
432.187,27.157,71.2,3.753,0.0,0.006,0.0,0.01,0.0,2.0
419.773,27.16,71.223,18.971,0.0,0.0,0.0,0.025,0.0,2.0
405.18,27.215,71.28,8.499,0.0,0.049,0.0,0.014,0.0,2.0
365.5,27.27,71.2,0.0,0.0,0.0,0.0,0.0,0.0,2.0
411.19,27.16,71.27,0.0,0.0,0.0,0.0,0.0,0.0,2.0
365.5,27.42,70.58,0.0,0.0,0.0,0.0,0.0,0.0,2.0
345.09,27.18,70.59,0.0,0.0,0.0,0.0,0.0,0.0,2.0
460.7,27.16,70.39,0.0,0.0,0.0,0.0,0.0,0.0,2.0
421.84,27.27,70.55,0.0,0.0,0.0,0.0,0.0,0.0,2.0
460.7,27.42,70.59,0.0,0.0,0.0,0.0,0.0,0.0,3.0
467.58,27.44,70.59,0.0,0.0,0.0,0.0,0.0,0.0,3.0
345.09,27.42,70.58,0.0,0.0,0.0,0.0,0.0,0.0,3.0
437.917,27.42,70.557,39.462,0.0,0.0,0.0,0.031,0.0,3.0
441.27,27.42,70.38,27.478,0.0,0.0,0.0,0.014,0.0,3.0
425.223,27.443,70.287,38.501,0.0,0.015,0.0,0.081,0.0,3.0
467.697,27.463,70.3,12.119,0.0,0.006,0.0,0.01,0.0,3.0
429.375,27.455,70.245,44.3,0.0,0.007,0.0,0.021,0.0,3.0
453.94,27.48,70.357,0.0,0.0,0.01,0.0,0.006,0.0,3.0
435.35,27.467,70.067,32.99,0.0,0.021,0.0,0.09,0.0,3.0
389.55,27.47,70.2,3.96,0.0,0.014,0.0,0.042,0.0,3.0
453.94,27.5,70.207,0.0,0.0,0.01,0.0,0.029,0.0,3.0
437.563,27.543,70.213,34.386,0.0,0.006,0.0,0.025,0.0,3.0
460.7,27.57,70.08,0.0,0.0,0.0,0.0,0.141,0.0,3.0
445.713,27.607,70.093,25.958,0.0,0.021,0.0,0.012,0.0,3.0
467.58,27.623,70.03,0.0,0.0,0.006,0.0,0.036,0.0,3.0
464.14,27.57,69.995,4.865,0.0,0.0,0.0,0.007,0.0,3.0
467.617,27.557,70.023,6.935,0.0,0.021,0.0,0.032,0.0,3.0
450.04,27.52,70.09,24.663,0.0,0.01,0.0,0.056,0.0,3.0
448.205,27.575,70.145,37.286,0.0,0.049,0.0,0.035,0.0,3.0
462.993,27.617,70.04,3.972,0.0,0.006,0.0,0.01,0.0,3.0
467.617,27.6,70.003,6.935,0.0,0.017,0.0,0.142,0.0,3.0
474.57,27.58,69.92,0.0,0.0,0.014,0.0,0.014,0.0,3.0
463.537,27.617,69.813,25.526,0.0,0.021,0.0,0.078,0.0,3.0
451.765,27.635,69.745,42.32,0.0,0.007,0.0,0.035,0.0,3.0
454.96,27.617,69.46,33.966,0.0,0.006,0.0,0.08,0.0,3.0
462.993,27.573,69.38,3.972,0.0,0.015,0.0,0.05,0.0,3.0
438.22,27.575,69.465,31.792,0.0,0.007,0.0,0.007,0.0,3.0
448.007,27.607,69.517,28.155,0.0,0.006,0.0,0.006,0.0,3.0
452.63,27.627,69.617,32.138,0.0,0.006,0.0,0.067,0.0,3.0
460.7,27.64,69.615,0.0,0.0,0.014,0.0,0.007,0.0,3.0
460.7,27.633,69.657,0.0,0.0,0.012,0.0,0.061,0.0,3.0
441.247,27.607,69.603,23.083,0.0,0.012,0.0,0.07,0.0,3.0
438.22,27.665,69.82,31.792,0.0,0.007,0.0,0.028,0.0,3.0
458.447,27.67,69.643,3.903,0.0,0.0,0.0,0.04,0.0,3.0
460.7,27.673,69.53,0.0,0.0,0.006,0.0,0.036,0.0,3.0
460.7,27.695,69.515,0.0,0.0,0.007,0.0,0.049,0.0,3.0
443.717,27.693,69.47,29.416,0.0,0.006,0.0,0.035,0.0,3.0
460.7,27.72,69.4,0.0,0.0,0.017,0.0,0.139,0.0,3.0
435.225,27.69,69.43,36.027,0.0,0.0,0.0,0.028,0.0,3.0
439.817,27.72,69.427,36.171,0.0,0.02,0.0,0.129,0.0,3.0
439.817,27.777,69.363,36.171,0.0,0.015,0.0,0.006,0.0,3.0
429.375,27.775,69.395,44.3,0.0,0.007,0.0,0.035,0.0,3.0
443.717,27.807,69.283,29.416,0.0,0.015,0.0,0.067,0.0,3.0
435.225,27.845,69.285,36.027,0.0,0.007,0.0,0.049,0.0,3.0
457.32,27.855,69.28,4.78,0.0,0.021,0.0,0.071,0.0,3.0
332.607,27.863,69.0,14.154,0.0,0.006,0.0,0.079,0.0,3.0
355.077,27.853,68.867,8.793,0.0,0.012,0.0,0.086,0.0,3.0
365.23,27.87,68.95,0.0,0.0,0.0,0.0,0.0,0.0,3.0
365.23,27.87,69.06,0.0,0.0,0.0,0.0,0.042,0.0,3.0
340.25,27.895,69.075,0.0,0.0,0.007,0.0,0.035,0.0,3.0
340.25,27.9,69.115,0.0,0.0,0.0,0.0,0.078,0.0,3.0
340.25,27.91,69.255,0.0,0.0,0.0,0.0,0.134,0.0,3.0
340.25,27.91,69.37,0.0,0.0,0.0,0.0,0.0,0.0,3.0
412.845,27.91,69.165,12.721,0.0,0.0,0.0,0.205,0.0,3.0
418.783,27.9,69.12,32.68,0.0,0.0,0.0,0.06,0.0,3.0
407.79,27.9,69.0,37.562,0.0,0.0,0.0,0.071,0.0,3.0
442.947,27.913,69.033,3.77,0.0,0.006,0.0,0.049,0.0,3.0
447.3,27.923,69.113,0.0,0.0,0.006,0.0,0.006,0.0,3.0
450.62,27.945,69.185,4.695,0.0,0.007,0.0,0.035,0.0,3.0
451.727,27.947,69.133,3.834,0.0,0.006,0.0,0.021,0.0,3.0
437.563,27.933,69.08,34.386,0.0,0.015,0.0,0.053,0.0,3.0
453.94,27.87,69.065,0.0,0.0,0.0,0.0,0.035,0.0,3.0
431.197,27.843,68.887,33.806,0.0,0.025,0.0,0.127,0.0,3.0
431.197,27.827,69.023,33.806,0.0,0.025,0.0,0.096,0.0,3.0
460.7,27.875,69.045,0.0,0.0,0.007,0.0,0.021,0.0,3.0
437.563,27.87,69.067,34.386,0.0,0.01,0.0,0.032,0.0,3.0
462.993,27.903,69.027,3.972,0.0,0.012,0.0,0.042,0.0,3.0
467.635,27.91,69.03,9.808,0.0,0.014,0.0,0.453,0.0,3.0
467.617,27.87,69.077,6.935,0.0,0.0,0.0,0.081,0.0,3.0
462.993,27.853,68.887,3.972,0.0,0.006,0.0,0.07,0.0,3.0
460.7,27.915,68.965,0.0,0.0,0.007,0.0,0.049,0.0,3.0
460.7,27.88,68.743,0.0,0.0,0.02,0.0,0.125,0.0,3.0
457.32,27.875,68.7,4.78,0.0,0.007,0.0,0.141,0.0,3.0
462.993,27.913,68.773,3.972,0.0,0.006,0.0,0.025,0.0,3.0
446.373,27.933,68.567,37.474,0.0,0.006,0.0,0.346,0.0,3.0
460.7,27.92,68.145,0.0,0.0,0.014,0.0,0.049,0.0,3.0
445.713,27.89,68.22,25.958,0.0,0.0,0.0,0.085,0.0,3.0
462.993,27.91,68.45,3.972,0.0,0.01,0.0,0.026,0.0,3.0
460.7,27.94,68.615,0.0,0.0,0.0,0.0,0.035,0.0,3.0
440.807,27.963,68.54,6.475,0.0,0.015,0.0,0.066,0.0,3.0
421.84,28.01,68.387,0.0,0.0,0.026,0.0,0.099,0.0,2.0
398.825,28.045,68.44,32.548,0.0,0.007,0.0,0.042,0.0,2.0
421.84,28.053,68.513,0.0,0.0,0.006,0.0,0.015,0.0,2.0
375.81,28.063,68.22,0.0,0.0,0.006,0.0,0.19,0.0,2.0
398.825,28.07,68.005,32.548,0.0,0.0,0.0,0.12,0.0,2.0
402.687,28.083,68.077,28.058,0.0,0.006,0.0,0.1,0.0,2.0
409.843,28.087,68.057,10.213,0.0,0.006,0.0,0.055,0.0,2.0
365.4,28.115,68.23,14.722,0.0,0.007,0.0,0.014,0.0,2.0
411.747,28.133,68.16,3.458,0.0,0.015,0.0,0.096,0.0,2.0
398.05,28.12,67.92,0.0,0.0,0.014,0.0,0.113,0.0,2.0
392.35,28.08,67.617,0.0,0.0,0.0,0.0,0.031,0.0,2.0
398.083,28.097,67.663,5.75,0.0,0.021,0.0,0.191,0.0,2.0
398.05,28.145,67.775,0.0,0.0,0.007,0.0,0.078,0.0,2.0
406.8,28.18,67.735,4.172,0.0,0.014,0.0,0.021,0.0,2.0
407.847,28.207,67.623,8.997,0.0,0.006,0.0,0.025,0.0,2.0
409.75,28.215,67.48,0.0,0.0,0.007,0.0,0.014,0.0,2.0
407.813,28.23,67.427,6.865,0.0,0.01,0.0,0.17,0.0,2.0
413.743,28.22,67.33,3.458,0.0,0.0,0.0,0.04,0.0,2.0
415.74,28.225,67.355,0.0,0.0,0.007,0.0,0.035,0.0,2.0
415.777,28.227,67.293,6.045,0.0,0.006,0.0,0.142,0.0,2.0
400.653,28.237,67.443,26.131,0.0,0.012,0.0,0.042,0.0,2.0
395.775,28.23,67.64,28.235,0.0,0.014,0.0,0.141,0.0,2.0
419.807,28.267,67.633,3.522,0.0,0.025,0.0,0.047,0.0,2.0
395.775,28.305,67.62,28.235,0.0,0.007,0.0,0.057,0.0,2.0
417.773,28.307,67.583,3.522,0.0,0.006,0.0,0.095,0.0,2.0
404.463,28.313,67.61,25.001,0.0,0.006,0.0,0.01,0.0,2.0
421.84,28.3,67.595,0.0,0.0,0.0,0.0,0.007,0.0,2.0
421.84,28.27,67.873,0.0,0.0,0.01,0.0,0.085,0.0,2.0
380.913,28.283,67.813,38.629,0.0,0.015,0.0,0.055,0.0,2.0
392.35,28.295,67.725,0.0,0.0,0.007,0.0,0.092,0.0,2.0
380.133,28.3,67.55,26.251,0.0,0.01,0.0,0.05,0.0,2.0
398.05,28.31,67.66,0.0,0.0,0.0,0.0,0.0,0.0,2.0
416.9,28.3,67.69,0.0,0.0,0.0,0.0,0.0,0.0,2.0
382.52,28.42,67.38,0.0,0.0,0.0,0.0,0.0,0.0,2.0
398.05,28.43,67.32,0.0,0.0,0.0,0.0,0.0,0.0,2.0
410.93,28.43,67.32,0.0,0.0,0.0,0.0,0.0,0.0,2.0
381.155,28.41,67.64,42.108,0.0,0.028,0.0,0.071,0.0,2.0
416.9,28.423,67.373,0.0,0.0,0.006,0.0,0.05,0.0,2.0
416.9,28.42,67.48,0.0,0.0,0.0,0.0,0.057,0.0,2.0
403.45,28.433,67.47,18.37,0.0,0.006,0.0,0.044,0.0,2.0
416.9,28.435,67.445,0.0,0.0,0.007,0.0,0.007,0.0,2.0
410.96,28.44,67.433,5.925,0.0,0.0,0.0,0.076,0.0,2.0
410.96,28.44,67.26,5.925,0.0,0.01,0.0,0.087,0.0,2.0
410.93,28.48,67.34,0.0,0.0,0.0,0.0,0.014,0.0,2.0
412.92,28.48,67.403,3.447,0.0,0.01,0.0,0.081,0.0,2.0
398.133,28.483,67.24,27.497,0.0,0.006,0.0,0.07,0.0,2.0
388.75,28.485,67.27,31.367,0.0,0.007,0.0,0.0,0.0,2.0
407.01,28.507,67.323,3.395,0.0,0.006,0.0,0.025,0.0,2.0
410.93,28.51,67.4,0.0,0.0,0.017,0.0,0.046,0.0,2.0
386.175,28.495,67.425,35.009,0.0,0.007,0.0,0.064,0.0,2.0
394.427,28.45,67.507,28.585,0.0,0.017,0.0,0.045,0.0,2.0
375.963,28.457,67.677,25.19,0.0,0.015,0.0,0.067,0.0,2.0
386.175,28.495,67.695,35.009,0.0,0.007,0.0,0.035,0.0,2.0
381.357,28.497,67.917,25.611,0.0,0.006,0.0,0.064,0.0,2.0
403.127,28.487,67.9,3.331,0.0,0.012,0.0,0.01,0.0,2.0
383.235,28.52,67.76,30.851,0.0,0.014,0.0,0.014,0.0,2.0
405.05,28.523,67.647,0.0,0.0,0.015,0.0,0.095,0.0,2.0
402.165,28.495,67.325,4.08,0.0,0.007,0.0,0.049,0.0,2.0
383.313,28.477,67.453,27.655,0.0,0.006,0.0,0.031,0.0,2.0
383.08,28.467,67.47,23.314,0.0,0.006,0.0,0.072,0.0,2.0
396.44,28.475,67.61,4.016,0.0,0.007,0.0,0.057,0.0,2.0
399.28,28.487,67.593,0.0,0.0,0.006,0.0,0.102,0.0,2.0
399.31,28.5,67.713,5.725,0.0,0.01,0.0,0.07,0.0,2.0
399.28,28.52,67.725,0.0,0.0,0.0,0.0,0.049,0.0,2.0
384.973,28.52,67.777,24.78,0.0,0.0,0.0,0.071,0.0,2.0
379.527,28.533,67.58,24.376,0.0,0.006,0.0,0.135,0.0,2.0
372.49,28.54,67.495,29.854,0.0,0.014,0.0,0.049,0.0,2.0
380.863,28.557,67.42,12.378,0.0,0.006,0.0,0.191,0.0,1.0
366.57,28.55,67.047,0.0,0.0,0.01,0.0,0.225,0.0,1.0
366.57,28.58,67.39,0.0,0.0,0.028,0.0,0.099,0.0,1.0
355.127,28.613,66.897,19.82,0.0,0.006,0.0,0.015,0.0,1.0
355.127,28.653,66.917,19.82,0.0,0.006,0.0,0.095,0.0,1.0
344.85,28.685,66.92,30.717,0.0,0.007,0.0,0.028,0.0,1.0
345.713,28.703,66.617,27.205,0.0,0.015,0.0,0.112,0.0,1.0
361.42,28.71,66.365,0.0,0.0,0.0,0.0,0.007,0.0,1.0
359.733,28.693,66.51,2.921,0.0,0.006,0.0,0.155,0.0,1.0
358.047,28.683,66.213,2.921,0.0,0.006,0.0,0.095,0.0,1.0
330.685,28.675,66.16,29.267,0.0,0.007,0.0,0.184,0.0,1.0
358.89,28.695,66.045,3.578,0.0,0.007,0.0,0.163,0.0,1.0
480.47,28.72,66.14,0.0,0.0,0.0,0.0,0.0,0.0,1.0
363.11,28.7,66.16,0.0,0.0,0.0,0.0,0.0,0.0,1.0
339.16,28.7,66.81,0.0,0.0,0.0,0.0,0.0,0.0,2.0
372.427,28.737,66.423,29.31,0.0,0.015,0.0,0.29,0.0,2.0
359.09,28.727,66.253,29.075,0.0,0.015,0.0,0.18,0.0,2.0
363.11,28.705,66.305,0.0,0.0,0.007,0.0,0.021,0.0,2.0
431.293,28.673,65.78,51.136,0.0,0.015,0.0,0.046,0.0,2.0
494.493,28.637,65.74,7.105,0.0,0.012,0.0,0.044,0.0,2.0
494.45,28.62,65.84,0.0,0.0,0.0,0.0,0.0,0.0,2.0
382.52,28.64,65.78,0.0,0.0,0.0,0.0,0.0,0.0,2.0
346.48,28.67,65.97,0.0,0.0,0.0,0.0,0.0,0.0,2.0
418.923,28.65,65.857,3.505,0.0,0.01,0.0,0.067,0.0,1.0
413.443,28.633,66.06,23.893,0.0,0.006,0.0,0.062,0.0,1.0
399.71,28.64,66.085,24.31,0.0,0.0,0.0,0.049,0.0,1.0
377.68,28.647,66.183,23.843,0.0,0.006,0.0,0.074,0.0,1.0
390.64,28.663,66.163,27.858,0.0,0.006,0.0,0.064,0.0,1.0
393.6,28.655,66.11,0.0,0.0,0.007,0.0,0.141,0.0,1.0
379.527,28.663,66.187,24.376,0.0,0.006,0.0,0.064,0.0,1.0
393.6,28.67,66.21,0.0,0.0,0.01,0.0,0.062,0.0,1.0
390.805,28.69,66.17,3.953,0.0,0.0,0.0,0.042,0.0,1.0
370.977,28.723,66.013,29.503,0.0,0.012,0.0,0.047,0.0,1.0
367.245,28.735,66.015,29.366,0.0,0.007,0.0,0.021,0.0,1.0
360.585,27.035,72.47,49.505,0.0,0.007,0.0,0.014,0.0,1.0
395.59,27.05,72.5,0.0,0.0,0.0,0.0,0.028,0.0,1.0
378.397,27.06,72.513,29.78,0.0,0.0,0.0,0.059,0.0,1.0
395.59,27.055,72.57,0.0,0.0,0.007,0.0,0.042,0.0,1.0
379.773,27.06,72.547,22.767,0.0,0.0,0.0,0.038,0.0,1.0
397.47,27.06,72.663,3.256,0.0,0.0,0.0,0.025,0.0,1.0
372.62,27.04,72.78,40.461,0.0,0.014,0.0,0.113,0.0,1.0
383.5,27.023,72.827,25.978,0.0,0.006,0.0,0.085,0.0,1.0
398.41,27.055,72.735,3.988,0.0,0.007,0.0,0.049,0.0,1.0
395.59,27.05,72.8,3.988,0.0,0.007,0.0,0.049,0.0,1.0
395.59,27.025,72.935,0.0,0.0,0.007,0.0,0.163,0.0,1.0
379.625,27.025,72.9,22.578,0.0,0.007,0.0,0.0,0.0,1.0
346.87,27.005,73.27,23.745,0.0,0.007,0.0,0.085,0.0,1.0
364.64,27.047,73.097,30.05,0.0,0.015,0.0,0.025,0.0,1.0
376.6,27.06,73.155,3.734,0.0,0.0,0.0,0.021,0.0,1.0
357.833,27.077,73.073,27.932,0.0,0.015,0.0,0.046,0.0,1.0
352.41,27.06,73.275,37.943,0.0,0.0,0.0,0.064,0.0,1.0
376.6,27.09,73.235,3.734,0.0,0.0,0.0,0.007,0.0,1.0
377.507,27.097,73.253,6.143,0.0,0.015,0.0,0.116,0.0,1.0
381.92,27.175,73.295,3.79,0.0,0.064,0.0,0.064,0.0,1.0
365.12,27.195,73.165,43.091,0.0,0.007,0.0,0.064,0.0,1.0
395.59,27.183,73.193,0.0,0.0,0.006,0.0,0.038,0.0,1.0
363.82,27.2,73.105,14.34,0.0,0.0,0.0,0.007,0.0,1.0
373.96,27.2,73.135,0.0,0.0,0.028,0.0,0.021,0.0,1.0
368.77,27.18,73.073,0.0,0.0,0.0,0.0,0.047,0.0,1.0
370.34,25.925,70.785,35.115,0.0,0.035,0.0,0.29,0.0,1.0
391.653,25.86,70.89,6.091,0.0,0.02,0.0,0.111,0.0,1.0
374.39,25.805,71.325,0.0,0.0,0.007,0.0,0.12,0.0,1.0
347.74,25.757,71.697,24.895,0.0,0.015,0.0,0.18,0.0,1.0
351.707,25.71,71.85,2.714,0.0,0.0,0.0,0.087,0.0,1.0
345.51,25.725,71.835,0.0,0.0,0.007,0.0,0.064,0.0,1.0
350.163,25.743,71.833,4.665,0.0,0.006,0.0,0.101,0.0,1.0
350.14,25.74,72.14,0.0,0.0,0.0,0.0,0.042,0.0,1.0
325.9,25.74,72.01,21.284,0.0,0.0,0.0,0.028,0.0,1.0
329.567,25.73,72.053,19.717,0.0,0.0,0.0,0.068,0.0,1.0
336.45,25.72,72.3,0.0,0.0,0.0,0.0,0.095,0.0,1.0
338.7,25.73,72.22,3.182,0.0,0.0,0.0,0.113,0.0,1.0
343.99,25.723,72.317,2.633,0.0,0.006,0.0,0.021,0.0,1.0
345.51,25.715,72.505,0.0,0.0,0.007,0.0,0.177,0.0,1.0
348.597,25.723,72.39,2.673,0.0,0.006,0.0,0.072,0.0,1.0
353.273,25.737,72.293,2.714,0.0,0.006,0.0,0.04,0.0,1.0
345.51,25.755,72.42,0.0,0.0,0.007,0.0,0.085,0.0,1.0
350.14,25.747,72.467,0.0,0.0,0.006,0.0,0.095,0.0,1.0
332.607,25.703,72.697,22.349,0.0,0.021,0.0,0.114,0.0,1.0
319.255,25.68,72.89,11.886,0.0,0.014,0.0,0.057,0.0,1.0
350.303,25.67,73.033,12.233,0.0,0.0,0.0,0.05,0.0,1.0
261.367,25.677,73.08,26.429,0.0,0.006,0.0,0.07,0.0,1.0
260.08,25.69,72.92,28.256,0.0,0.0,0.0,0.042,0.0,1.0
277.66,25.707,72.91,2.078,0.0,0.006,0.0,0.04,0.0,1.0
281.317,25.72,72.917,5.592,0.0,0.0,0.0,0.015,0.0,1.0
362.28,25.77,72.79,5.592,0.0,0.0,0.0,0.015,0.0,1.0
340.26,25.76,72.88,5.592,0.0,0.0,0.0,0.015,0.0,1.0
382.275,25.81,72.78,40.991,0.0,0.0,0.0,0.014,0.0,1.0
410.59,25.81,72.733,33.939,0.0,0.0,0.0,0.04,0.0,1.0
374.095,25.8,72.755,16.709,0.0,0.0,0.0,0.049,0.0,1.0
386.0,25.773,72.803,41.703,0.0,0.012,0.0,0.08,0.0,1.0
392.64,25.767,72.917,12.593,0.0,0.006,0.0,0.038,0.0,1.0
369.855,25.785,72.895,29.663,0.0,0.007,0.0,0.035,0.0,1.0
390.83,25.783,72.877,0.0,0.0,0.012,0.0,0.05,0.0,1.0
365.99,25.757,73.097,25.297,0.0,0.025,0.0,0.212,0.0,1.0
371.835,25.725,73.285,19.905,0.0,0.007,0.0,0.049,0.0,1.0
360.8,25.75,73.327,5.265,0.0,0.02,0.0,0.065,0.0,1.0
360.8,25.75,73.327,5.265,0.0,0.02,0.0,0.065,0.0,1.0
360.8,25.75,73.327,5.265,0.0,0.02,0.0,0.065,0.0,1.0
360.8,25.75,73.327,5.265,0.0,0.02,0.0,0.065,0.0,1.0
382.415,25.815,73.22,37.059,0.0,0.007,0.0,0.057,0.0,1.0
413.49,25.823,73.22,39.477,0.0,0.006,0.0,0.061,0.0,1.0
437.995,25.835,73.22,3.924,0.0,0.007,0.0,0.014,0.0,1.0
407.787,25.857,73.233,30.876,0.0,0.012,0.0,0.015,0.0,1.0
404.643,25.87,73.137,34.62,0.0,0.01,0.0,0.04,0.0,1.0
348.93,25.885,73.13,42.582,0.0,0.007,0.0,0.028,0.0,1.0
364.407,25.907,73.017,27.271,0.0,0.015,0.0,0.065,0.0,1.0
369.72,25.923,73.013,0.0,0.0,0.006,0.0,0.015,0.0,1.0
369.72,25.925,73.08,0.0,0.0,0.007,0.0,0.014,0.0,1.0
371.263,25.93,73.06,2.673,0.0,0.0,0.0,0.036,0.0,1.0
368.197,25.927,73.147,2.638,0.0,0.006,0.0,0.067,0.0,1.0
322.75,25.94,73.08,2.638,0.0,0.006,0.0,0.067,0.0,1.0
404.37,25.96,73.05,2.638,0.0,0.006,0.0,0.067,0.0,1.0
430.13,25.98,73.03,2.638,0.0,0.006,0.0,0.067,0.0,1.0
413.375,25.995,73.07,46.775,0.0,0.007,0.0,0.042,0.0,2.0
423.333,26.04,73.02,16.641,0.0,0.02,0.0,0.026,0.0,2.0
438.29,26.08,72.895,11.54,0.0,0.0,0.0,0.064,0.0,2.0
398.607,26.093,72.83,29.54,0.0,0.006,0.0,0.044,0.0,2.0
398.117,26.087,72.693,18.773,0.0,0.023,0.0,0.021,0.0,2.0
419.62,26.11,72.66,18.773,0.0,0.023,0.0,0.021,0.0,2.0
424.863,26.113,72.66,5.255,0.0,0.006,0.0,0.026,0.0,2.0
407.56,26.14,72.69,31.919,0.0,0.014,0.0,0.014,0.0,2.0
437.337,26.17,72.657,6.241,0.0,0.02,0.0,0.021,0.0,2.0
448.34,26.213,72.657,6.409,0.0,0.006,0.0,0.127,0.0,2.0
441.085,26.22,72.55,15.493,0.0,0.0,0.0,0.099,0.0,2.0
388.787,25.74,65.677,25.582,0.0,0.02,0.0,0.1,0.0,1.0
403.515,25.72,65.81,23.851,0.0,0.0,0.0,0.028,0.0,1.0
409.137,25.737,66.043,19.474,0.0,0.006,0.0,0.059,0.0,1.0
430.59,25.797,66.0,0.0,0.0,0.025,0.0,0.04,0.0,1.0
391.28,25.86,65.855,0.0,0.0,0.028,0.0,0.021,0.0,2.0
404.383,25.903,65.753,22.696,0.0,0.015,0.0,0.025,0.0,2.0
410.935,25.92,65.74,27.796,0.0,0.0,0.0,0.028,0.0,2.0
419.223,25.967,65.703,24.339,0.0,0.042,0.0,0.015,0.0,2.0
420.79,26.053,65.617,21.643,0.0,0.015,0.0,0.064,0.0,1.0
415.89,26.08,65.455,28.157,0.0,0.014,0.0,0.064,0.0,1.0
442.86,26.077,65.417,3.083,0.0,0.015,0.0,0.05,0.0,1.0
412.597,26.04,65.427,24.781,0.0,0.02,0.0,0.051,0.0,1.0
433.195,26.02,65.49,3.684,0.0,0.0,0.0,0.057,0.0,1.0
435.8,26.007,65.563,0.0,0.0,0.015,0.0,0.085,0.0,1.0
422.527,26.003,65.673,22.99,0.0,0.012,0.0,0.015,0.0,1.0
405.83,26.04,65.655,20.577,0.0,0.0,0.0,0.021,0.0,1.0
437.56,26.067,65.557,3.048,0.0,0.025,0.0,0.031,0.0,1.0
420.96,26.13,65.58,25.704,0.0,0.044,0.0,0.053,0.0,2.0
446.42,26.16,65.48,0.0,0.0,0.0,0.0,0.014,0.0,2.0
451.84,26.167,65.48,0.0,0.0,0.012,0.0,0.02,0.0,2.0
455.52,26.187,65.477,6.374,0.0,0.006,0.0,0.012,0.0,2.0
457.32,26.21,65.475,0.0,0.0,0.014,0.0,0.021,0.0,2.0
461.027,26.263,65.48,3.21,0.0,0.015,0.0,0.01,0.0,2.0
431.207,26.303,65.463,27.43,0.0,0.006,0.0,0.015,0.0,2.0
441.63,26.34,65.615,30.052,0.0,0.0,0.0,0.134,0.0,3.0
462.88,26.363,65.677,0.0,0.0,0.006,0.0,0.061,0.0,3.0
427.08,26.36,65.59,50.629,0.0,0.0,0.0,0.014,0.0,3.0
441.373,26.38,65.617,18.98,0.0,0.01,0.0,0.075,0.0,2.0
421.063,26.42,65.58,28.362,0.0,0.017,0.0,0.017,0.0,2.0
451.84,26.46,65.5,0.0,0.0,0.0,0.0,0.071,0.0,2.0
450.053,26.477,65.543,6.293,0.0,0.012,0.0,0.076,0.0,2.0
443.337,26.477,65.52,24.22,0.0,0.006,0.0,0.026,0.0,2.0
457.32,26.5,65.54,24.22,0.0,0.006,0.0,0.026,0.0,3.0
432.997,26.49,65.47,28.075,0.0,0.01,0.0,0.092,0.0,3.0
431.135,26.485,65.685,29.281,0.0,0.007,0.0,0.205,0.0,3.0
450.08,26.507,65.693,8.262,0.0,0.006,0.0,0.078,0.0,3.0
450.08,26.55,65.55,8.262,0.0,0.01,0.0,0.062,0.0,3.0
408.05,26.58,65.4,10.352,0.0,0.014,0.0,0.014,0.0,3.0
439.863,26.547,65.737,25.637,0.0,0.021,0.0,0.304,0.0,3.0
554.937,26.58,66.187,95.18,0.0,0.02,0.0,0.222,0.0,3.0
420.38,26.69,66.03,95.18,0.0,0.02,0.0,0.222,0.0,3.0
407.26,26.737,65.603,10.076,0.0,0.006,0.0,0.095,0.0,3.0
425.485,26.765,65.53,7.22,0.0,0.007,0.0,0.057,0.0,3.0
427.187,26.78,65.347,5.895,0.0,0.0,0.0,0.28,0.0,3.0
476.15,26.807,64.963,3.343,0.0,0.006,0.0,0.119,0.0,3.0
485.87,26.82,64.945,0.0,0.0,0.0,0.0,0.007,0.0,3.0
497.83,26.84,64.957,0.0,0.0,0.01,0.0,0.055,0.0,3.0
474.53,26.87,64.97,20.178,0.0,0.01,0.0,0.137,0.0,3.0
486.22,26.895,64.855,25.032,0.0,0.007,0.0,0.078,0.0,3.0
520.597,26.92,64.98,3.66,0.0,0.01,0.0,0.061,0.0,3.0
508.693,26.95,64.883,30.028,0.0,0.02,0.0,0.067,0.0,3.0
529.15,26.98,64.95,0.0,0.0,0.014,0.0,0.042,0.0,3.0
531.323,27.02,65.047,3.764,0.0,0.02,0.0,0.146,0.0,3.0
533.497,27.057,64.943,3.764,0.0,0.012,0.0,0.103,0.0,3.0
535.67,27.09,64.865,0.0,0.0,0.0,0.0,0.191,0.0,3.0
537.873,27.093,64.927,3.816,0.0,0.006,0.0,0.166,0.0,3.0
519.07,27.123,64.613,28.752,0.0,0.006,0.0,0.1,0.0,3.0
529.15,27.125,64.315,0.0,0.0,0.007,0.0,0.219,0.0,3.0
516.897,27.143,64.46,27.067,0.0,0.006,0.0,0.092,0.0,3.0
498.465,27.15,64.365,34.288,0.0,0.0,0.0,0.021,0.0,3.0
512.577,27.167,64.437,23.352,0.0,0.012,0.0,0.04,0.0,3.0
512.77,27.197,64.423,28.371,0.0,0.006,0.0,0.047,0.0,3.0
498.465,27.225,64.18,34.288,0.0,0.007,0.0,0.042,0.0,3.0
504.433,27.22,64.053,26.357,0.0,0.0,0.0,0.058,0.0,3.0
502.533,27.233,63.933,29.626,0.0,0.006,0.0,0.126,0.0,3.0
522.71,27.245,63.985,0.0,0.0,0.021,0.0,0.078,0.0,3.0
419.06,27.297,64.26,20.427,0.0,0.006,0.0,0.209,0.0,3.0
452.473,27.283,64.04,27.794,0.0,0.006,0.0,0.141,0.0,3.0
460.1,27.285,64.105,3.932,0.0,0.007,0.0,0.219,0.0,3.0
437.673,27.293,64.17,12.269,0.0,0.006,0.0,0.185,0.0,3.0
439.83,27.307,64.15,25.365,0.0,0.006,0.0,0.072,0.0,3.0
412.925,27.31,64.525,86.684,0.0,0.014,0.0,0.163,0.0,3.0
405.99,27.343,64.153,22.437,0.0,0.012,0.0,0.049,0.0,3.0
427.367,27.37,64.057,15.577,0.0,0.02,0.0,0.11,0.0,3.0
